project_id,risk_level_ml,probability_delayed_6m,risk_confidence,probability_critical,probability_high,probability_medium,probability_low,top_risk_driver_1,top_risk_driver_2,top_risk_driver_3
20100044,Critical,1.0,1.0,1.0,0,0,0,Remaining time vs overrun,Sector,Time overrun
60100092,Critical,1.0,1.0,1.0,0,0,0,Remaining time vs overrun,Time overrun,Months remaining
60100093,Critical,0.9999,0.9999,0.9999,0,0,0,Remaining time vs overrun,Time overrun,State
180100210,Critical,1.0,1.0,1.0,0,0,0,Remaining time vs overrun,Time overrun,Months remaining
180100221,Critical,0.9997,0.9997,0.9997,0,0,0,Remaining time vs overrun,Time overrun,3-month expenditure change
180100239,Critical,1.0,1.0,1.0,0,0,0,Remaining time vs overrun,Time overrun,Previous expenditure ratio
180100242,Critical,1.0,1.0,1.0,0,0,0,Remaining time vs overrun,Time overrun,Months remaining
180100258,Critical,1.0,1.0,1.0,0,0,0,Remaining time vs overrun,Time overrun,Months remaining
220100133,Critical,1.0,1.0,1.0,0,0,0,Remaining time vs overrun,Time overrun,Months remaining
220100135,Critical,0.9998,0.9998,0.9998,0,0,0,Remaining time vs overrun,Time overrun,Months remaining
220100149,Critical,0.9999,0.9999,0.9999,0,0,0,Remaining time vs overrun,Time overrun,State
220100164,Critical,0.9999,0.9999,0.9999,0,0,0,Remaining time vs overrun,Time overrun,Months remaining
220100168,Critical,1.0,1.0,1.0,0,0,0,Remaining time vs overrun,Time overrun,Previous expenditure ratio
220100181,Critical,1.0,1.0,1.0,0,0,0,Remaining time vs overrun,Time overrun,Previous expenditure ratio
220100184,Critical,1.0,1.0,1.0,0,0,0,Remaining time vs overrun,Time overrun,Months remaining
220100186,Critical,1.0,1.0,1.0,0,0,0,Remaining time vs overrun,Time overrun,Months remaining
220100188,Critical,0.9999,0.9999,0.9999,0,0,0,Remaining time vs overrun,Time overrun,Cost variance
220100192,Critical,1.0,1.0,1.0,0,0,0,Remaining time vs overrun,Time overrun,Original cost
220100193,Critical,0.9998,0.9998,0.9998,0,0,0,Remaining time vs overrun,Time overrun,State
220100205,Critical,0.9999,0.9999,0.9999,0,0,0,Remaining time vs overrun,Time overrun,Months remaining
220100208,Critical,0.9999,0.9999,0.9999,0,0,0,Remaining time vs overrun,Time overrun,Cost variance
220100222,Critical,1.0,1.0,1.0,0,0,0,Remaining time vs overrun,Time overrun,Previous expenditure ratio
220100232,Critical,1.0,1.0,1.0,0,0,0,Remaining time vs overrun,Time overrun,Months remaining
220100240,Critical,1.0,1.0,1.0,0,0,0,Remaining time vs overrun,Time overrun,Months remaining
220100257,Critical,0.9996,0.9996,0.9996,0,0,0,Remaining time vs overrun,Time overrun,State
220100262,Critical,1.0,1.0,1.0,0,0,0,Remaining time vs overrun,Time overrun,Cost variance
220100265,Critical,0.9999,0.9999,0.9999,0,0,0,Remaining time vs overrun,Time overrun,Cumulative expenditure
220100266,Critical,0.9999,0.9999,0.9999,0,0,0,Remaining time vs overrun,Time overrun,Months remaining
220100268,Critical,0.9999,0.9999,0.9999,0,0,0,Remaining time vs overrun,Time overrun,Previous expenditure ratio
220100272,Critical,0.9999,0.9999,0.9999,0,0,0,Remaining time vs overrun,Time overrun,Cost variance
220100273,Critical,0.9999,0.9999,0.9999,0,0,0,Remaining time vs overrun,Time overrun,Cost variance
220100274,Critical,0.9999,0.9999,0.9999,0,0,0,Remaining time vs overrun,Time overrun,State
220100284,Critical,0.9998,0.9998,0.9998,0,0,0,Remaining time vs overrun,Time overrun,Cumulative expenditure
220100285,Critical,0.9999,0.9999,0.9999,0,0,0,Remaining time vs overrun,Time overrun,Previous expenditure ratio
220100288,Critical,0.9998,0.9998,0.9998,0,0,0,Remaining time vs overrun,Time overrun,Months remaining
220100303,Critical,0.9997,0.9997,0.9997,0,0,0,Remaining time vs overrun,Time overrun,State
220100304,Critical,1.0,1.0,1.0,0,0,0,Remaining time vs overrun,Months remaining,Time overrun
220100305,Critical,0.9996,0.9996,0.9996,0,0,0,Remaining time vs overrun,Time overrun,State
220100314,Critical,0.9999,0.9999,0.9999,0,0,0,Remaining time vs overrun,Time overrun,State
220100318,Critical,0.9999,0.9999,0.9999,0,0,0,Time overrun,Remaining time vs overrun,Expenditure ratio
220100319,Low,0.0329,0.9671,0,0,0,0.0329,Remaining time vs overrun,Time overrun,State
220100324,Critical,0.9999,0.9999,0.9999,0,0,0,Time overrun,Remaining time vs overrun,Previous expenditure ratio
220100325,Critical,1.0,1.0,1.0,0,0,0,Remaining time vs overrun,Time overrun,Months remaining
220100327,Critical,1.0,1.0,1.0,0,0,0,Remaining time vs overrun,Time overrun,Original cost
220100328,Critical,1.0,1.0,1.0,0,0,0,Remaining time vs overrun,Time overrun,Expenditure ratio
240106277,Critical,1.0,1.0,1.0,0,0,0,Remaining time vs overrun,Time overrun,Previous expenditure ratio
240106278,Critical,1.0,1.0,1.0,0,0,0,Remaining time vs overrun,Time overrun,Expenditure ratio
240106279,Critical,0.9999,0.9999,0.9999,0,0,0,Time overrun,Remaining time vs overrun,Original cost
240106280,Critical,0.9999,0.9999,0.9999,0,0,0,Time overrun,Remaining time vs overrun,Expenditure ratio
N02000010,Critical,1.0,1.0,1.0,0,0,0,Remaining time vs overrun,Months remaining,Sector
N02000027,Critical,1.0,1.0,1.0,0,0,0,Remaining time vs overrun,Sector,Time overrun
N02000028,Critical,1.0,1.0,1.0,0,0,0,Remaining time vs overrun,Time overrun,Sector
N02000029,Low,0.0009,0.9991,0,0,0,0.0009,Remaining time vs overrun,Months remaining,Time overrun
N04000073,Critical,1.0,1.0,1.0,0,0,0,Remaining time vs overrun,Sector,Time overrun
N04000074,Critical,1.0,1.0,1.0,0,0,0,Remaining time vs overrun,Sector,Time overrun
N04000075,Critical,1.0,1.0,1.0,0,0,0,Remaining time vs overrun,Sector,Months remaining
N04000076,Critical,1.0,1.0,1.0,0,0,0,Remaining time vs overrun,Sector,Time overrun
N04000077,Critical,1.0,1.0,1.0,0,0,0,Sector,Remaining time vs overrun,Time overrun
N04000078,Critical,1.0,1.0,1.0,0,0,0,Sector,Remaining time vs overrun,Time overrun
N04000079,Critical,1.0,1.0,1.0,0,0,0,Sector,Remaining time vs overrun,Months remaining
N04000080,Critical,0.9999,0.9999,0.9999,0,0,0,Remaining time vs overrun,Sector,Months remaining
N04000081,Critical,1.0,1.0,1.0,0,0,0,Remaining time vs overrun,Sector,Time overrun
N04000082,Critical,1.0,1.0,1.0,0,0,0,Remaining time vs overrun,Sector,Time overrun
N04000083,Critical,1.0,1.0,1.0,0,0,0,Remaining time vs overrun,Sector,Time overrun
N04000084,Critical,1.0,1.0,1.0,0,0,0,Remaining time vs overrun,Sector,Time overrun
N04000085,Critical,1.0,1.0,1.0,0,0,0,Remaining time vs overrun,Sector,Time overrun
N04000086,Critical,1.0,1.0,1.0,0,0,0,Remaining time vs overrun,Sector,Months remaining
N04000087,Critical,1.0,1.0,1.0,0,0,0,Sector,Remaining time vs overrun,Time overrun
N04000088,Critical,1.0,1.0,1.0,0,0,0,Remaining time vs overrun,Sector,Months remaining
N04000089,Critical,1.0,1.0,1.0,0,0,0,Remaining time vs overrun,Sector,Months remaining
N04000090,Critical,1.0,1.0,1.0,0,0,0,Sector,Remaining time vs overrun,Time overrun
N04000091,Critical,0.9999,0.9999,0.9999,0,0,0,Remaining time vs overrun,Sector,Time overrun
N04000092,Critical,1.0,1.0,1.0,0,0,0,Remaining time vs overrun,Sector,Time overrun
N04000093,Critical,1.0,1.0,1.0,0,0,0,Remaining time vs overrun,Sector,Time overrun
N04000094,Critical,1.0,1.0,1.0,0,0,0,Remaining time vs overrun,Sector,Time overrun
N04000095,Critical,1.0,1.0,1.0,0,0,0,Sector,Remaining time vs overrun,Time overrun
N04000096,Critical,1.0,1.0,1.0,0,0,0,Remaining time vs overrun,Sector,Time overrun
N04000097,Medium,0.3485,0.6515,0,0,0.3485,0,Remaining time vs overrun,Sector,Time overrun
N04000098,Critical,1.0,1.0,1.0,0,0,0,Sector,Remaining time vs overrun,Months remaining
N04000099,Medium,0.4038,0.5962000000000001,0,0,0.4038,0,Remaining time vs overrun,Sector,Time overrun
N04000100,Critical,0.9999,0.9999,0.9999,0,0,0,Sector,Remaining time vs overrun,Time overrun
N04000101,Critical,0.9998,0.9998,0.9998,0,0,0,Sector,Remaining time vs overrun,Time overrun
N04000102,Critical,1.0,1.0,1.0,0,0,0,Remaining time vs overrun,Sector,Time overrun
N04000103,Critical,0.9999,0.9999,0.9999,0,0,0,Sector,Remaining time vs overrun,Months remaining
N04000104,Critical,0.9317,0.9317,0.9317,0,0,0,Remaining time vs overrun,Sector,Time overrun
N04000105,High,0.7241,0.7241,0,0.7241,0,0,Remaining time vs overrun,Sector,Time overrun
N04000106,Critical,0.8971,0.8971,0.8971,0,0,0,Remaining time vs overrun,Sector,Time overrun
N04000107,Critical,0.8279,0.8279,0.8279,0,0,0,Remaining time vs overrun,Sector,Time overrun
N04000108,High,0.7213,0.7213,0,0.7213,0,0,Remaining time vs overrun,Sector,Time overrun
N04000109,Critical,0.964,0.964,0.964,0,0,0,Remaining time vs overrun,Sector,Time overrun
N04000110,Medium,0.4728,0.5272,0,0,0.4728,0,Remaining time vs overrun,Sector,Time overrun
N04000111,Critical,0.9999,0.9999,0.9999,0,0,0,Sector,Months remaining,Time overrun
N04000112,Critical,0.8166,0.8166,0.8166,0,0,0,Remaining time vs overrun,Sector,Time overrun
N04000113,High,0.6325,0.6325,0,0.6325,0,0,Remaining time vs overrun,Sector,Time overrun
N04000114,Low,0.0391,0.9609,0,0,0,0.0391,Remaining time vs overrun,Time overrun,Sector
N04000115,Low,0.1473,0.8527,0,0,0,0.1473,Remaining time vs overrun,Sector,Time overrun
N06000008,Critical,0.9999,0.9999,0.9999,0,0,0,Remaining time vs overrun,Months remaining,Time overrun
N06000015,Critical,0.9999,0.9999,0.9999,0,0,0,Remaining time vs overrun,Time overrun,Months remaining
N06000017,Critical,1.0,1.0,1.0,0,0,0,Remaining time vs overrun,Time overrun,Original cost
N06000020,Low,0.0011,0.9989,0,0,0,0.0011,Remaining time vs overrun,Time overrun,Months remaining
N06000034,Critical,0.9999,0.9999,0.9999,0,0,0,Remaining time vs overrun,Time overrun,Anticipated cost
N06000035,Critical,0.9998,0.9998,0.9998,0,0,0,Remaining time vs overrun,Time overrun,Months remaining
N06000044,Critical,0.9996,0.9996,0.9996,0,0,0,Remaining time vs overrun,Time overrun,Months remaining
N06000045,Critical,0.9998,0.9998,0.9998,0,0,0,Remaining time vs overrun,Time overrun,State
N06000049,Critical,0.9999,0.9999,0.9999,0,0,0,Remaining time vs overrun,Time overrun,State
N06000066,Critical,0.9996,0.9996,0.9996,0,0,0,Remaining time vs overrun,Months remaining,Time overrun
N06000067,Critical,0.9999,0.9999,0.9999,0,0,0,Remaining time vs overrun,Time overrun,Months remaining
N06000068,Critical,1.0,1.0,1.0,0,0,0,Remaining time vs overrun,Time overrun,Previous expenditure ratio
N06000075,Critical,1.0,1.0,1.0,0,0,0,Remaining time vs overrun,Original cost,Months remaining
N06000076,Critical,0.9996,0.9996,0.9996,0,0,0,Remaining time vs overrun,Time overrun,Previous expenditure ratio
N06000078,Critical,1.0,1.0,1.0,0,0,0,Remaining time vs overrun,Time overrun,Expenditure ratio
N06000079,Critical,0.9999,0.9999,0.9999,0,0,0,Remaining time vs overrun,Months remaining,Time overrun
N06000081,Critical,1.0,1.0,1.0,0,0,0,Remaining time vs overrun,Time overrun,State
N06000083,Critical,1.0,1.0,1.0,0,0,0,Remaining time vs overrun,Original cost,Months remaining
N06000084,Critical,1.0,1.0,1.0,0,0,0,Remaining time vs overrun,Time overrun,Months remaining
N06000086,Critical,0.9998,0.9998,0.9998,0,0,0,Remaining time vs overrun,Time overrun,State
N06000087,Critical,1.0,1.0,1.0,0,0,0,Remaining time vs overrun,Time overrun,Expenditure ratio
N06000088,Critical,1.0,1.0,1.0,0,0,0,Remaining time vs overrun,Months remaining,Original cost
N06000089,Critical,1.0,1.0,1.0,0,0,0,Remaining time vs overrun,Time overrun,Months remaining
N06000093,Critical,1.0,1.0,1.0,0,0,0,Remaining time vs overrun,Original cost,Time overrun
N06000094,Critical,0.9996,0.9996,0.9996,0,0,0,Remaining time vs overrun,Time overrun,Sector
N06000095,Critical,1.0,1.0,1.0,0,0,0,Remaining time vs overrun,Time overrun,Months remaining
N06000096,Critical,0.9998,0.9998,0.9998,0,0,0,Remaining time vs overrun,Time overrun,State
N06000098,Critical,0.9999,0.9999,0.9999,0,0,0,Remaining time vs overrun,Time overrun,State
N06000099,Critical,0.9999,0.9999,0.9999,0,0,0,Remaining time vs overrun,Time overrun,Months remaining
N06000100,Critical,0.9999,0.9999,0.9999,0,0,0,Remaining time vs overrun,Months remaining,Time overrun
N06000101,Critical,1.0,1.0,1.0,0,0,0,Remaining time vs overrun,Months remaining,Time overrun
N06000102,Critical,1.0,1.0,1.0,0,0,0,Remaining time vs overrun,Months remaining,Cost variance
N06000103,Critical,0.9997,0.9997,0.9997,0,0,0,Remaining time vs overrun,Time overrun,State
N06000104,Critical,1.0,1.0,1.0,0,0,0,Remaining time vs overrun,Time overrun,Months remaining
N06000106,Critical,0.9996,0.9996,0.9996,0,0,0,Remaining time vs overrun,Months remaining,Time overrun
N06000109,Critical,0.9998,0.9998,0.9998,0,0,0,Remaining time vs overrun,Time overrun,Months remaining
N06000111,Critical,1.0,1.0,1.0,0,0,0,Remaining time vs overrun,Original cost,Months remaining
N06000112,Critical,0.9995,0.9995,0.9995,0,0,0,Remaining time vs overrun,Time overrun,Months remaining
N06000113,Low,0.0006,0.9994,0,0,0,0.0006,Remaining time vs overrun,Time overrun,Months remaining
N06000114,Critical,0.9998,0.9998,0.9998,0,0,0,Remaining time vs overrun,Time overrun,Months remaining
N06000115,Critical,0.9993,0.9993,0.9993,0,0,0,Remaining time vs overrun,Time overrun,Anticipated cost
N06000117,Critical,0.9999,0.9999,0.9999,0,0,0,Remaining time vs overrun,Time overrun,Anticipated cost
N06000118,Critical,0.9999,0.9999,0.9999,0,0,0,Remaining time vs overrun,Time overrun,State
N06000119,Low,0.0014,0.9986,0,0,0,0.0014,Remaining time vs overrun,Time overrun,Months remaining
N06000121,Low,0.0149,0.9851,0,0,0,0.0149,Remaining time vs overrun,Time overrun,3-month expenditure change
N06000122,Critical,1.0,1.0,1.0,0,0,0,Original cost,Remaining time vs overrun,Time overrun
N06000123,Critical,0.9997,0.9997,0.9997,0,0,0,Remaining time vs overrun,Time overrun,State
N06000124,Critical,0.9999,0.9999,0.9999,0,0,0,Remaining time vs overrun,Time overrun,State
N06000125,Critical,0.9999,0.9999,0.9999,0,0,0,Remaining time vs overrun,Time overrun,State
N06000126,Critical,1.0,1.0,1.0,0,0,0,Remaining time vs overrun,Time overrun,Months remaining
N06000127,Critical,1.0,1.0,1.0,0,0,0,Remaining time vs overrun,Months remaining,Time overrun
N06000128,Critical,1.0,1.0,1.0,0,0,0,Remaining time vs overrun,Months remaining,Time overrun
N06000129,Critical,0.9999,0.9999,0.9999,0,0,0,Remaining time vs overrun,Time overrun,Months remaining
N06000130,Critical,1.0,1.0,1.0,0,0,0,Remaining time vs overrun,Months remaining,Time overrun
N06000131,Critical,0.9995,0.9995,0.9995,0,0,0,Remaining time vs overrun,Months remaining,Time overrun
N06000132,Critical,0.9998,0.9998,0.9998,0,0,0,Remaining time vs overrun,Months remaining,Time overrun
N06000133,Critical,0.9995,0.9995,0.9995,0,0,0,Time overrun,Remaining time vs overrun,State
N06000134,Critical,0.9998,0.9998,0.9998,0,0,0,Remaining time vs overrun,Time overrun,State
N06000135,Critical,0.9995,0.9995,0.9995,0,0,0,Remaining time vs overrun,Time overrun,State
N06000136,Critical,0.9997,0.9997,0.9997,0,0,0,Remaining time vs overrun,Time overrun,State
N06000138,Critical,1.0,1.0,1.0,0,0,0,Remaining time vs overrun,Time overrun,Cost variance
N06000139,Low,0.0011,0.9989,0,0,0,0.0011,Remaining time vs overrun,Time overrun,Months remaining
N06000140,Critical,0.9985,0.9985,0.9985,0,0,0,Remaining time vs overrun,Time overrun,Expenditure ratio
N06000141,Critical,0.9998,0.9998,0.9998,0,0,0,Remaining time vs overrun,Time overrun,State
N06000142,Critical,1.0,1.0,1.0,0,0,0,Remaining time vs overrun,Cost variance,Time overrun
N06000143,Critical,0.9999,0.9999,0.9999,0,0,0,Remaining time vs overrun,Time overrun,Sector
N06000144,Critical,0.9991,0.9991,0.9991,0,0,0,Remaining time vs overrun,Months remaining,Time overrun
N06000145,Critical,0.9995,0.9995,0.9995,0,0,0,Remaining time vs overrun,Months remaining,Time overrun
N06000146,Critical,0.9996,0.9996,0.9996,0,0,0,Remaining time vs overrun,Time overrun,Months remaining
N06000147,Critical,0.9989,0.9989,0.9989,0,0,0,Remaining time vs overrun,Months remaining,Time overrun
N06000148,Critical,0.9999,0.9999,0.9999,0,0,0,Remaining time vs overrun,Time overrun,State
N06000149,Critical,0.9999,0.9999,0.9999,0,0,0,Remaining time vs overrun,Time overrun,State
N06000150,Critical,1.0,1.0,1.0,0,0,0,Remaining time vs overrun,Months remaining,Time overrun
N06000152,Critical,1.0,1.0,1.0,0,0,0,Remaining time vs overrun,Time overrun,Previous expenditure ratio
N06000153,Critical,0.9996,0.9996,0.9996,0,0,0,Remaining time vs overrun,Time overrun,State
N06000154,Critical,0.9997,0.9997,0.9997,0,0,0,Remaining time vs overrun,Months remaining,Time overrun
N06000155,Critical,0.999,0.999,0.999,0,0,0,Remaining time vs overrun,Time overrun,Anticipated cost
N06000157,Critical,0.9999,0.9999,0.9999,0,0,0,Remaining time vs overrun,Time overrun,Previous expenditure ratio
N06000158,Low,0.0144,0.9856,0,0,0,0.0144,Remaining time vs overrun,Time overrun,Expenditure ratio
N06000159,Critical,0.9999,0.9999,0.9999,0,0,0,Remaining time vs overrun,Months remaining,Time overrun
N06000160,Critical,0.9999,0.9999,0.9999,0,0,0,Remaining time vs overrun,Time overrun,Previous expenditure ratio
N06000161,Critical,1.0,1.0,1.0,0,0,0,Remaining time vs overrun,Time overrun,Months remaining
N06000162,Critical,1.0,1.0,1.0,0,0,0,Remaining time vs overrun,Months remaining,Time overrun
N06000163,Critical,0.9998,0.9998,0.9998,0,0,0,Remaining time vs overrun,Months remaining,Time overrun
N06000164,Low,0.0164,0.9836,0,0,0,0.0164,Remaining time vs overrun,Time overrun,State
N06000165,Low,0.0016,0.9984,0,0,0,0.0016,Remaining time vs overrun,Time overrun,Sector
N06000166,Low,0.0004,0.9996,0,0,0,0.0004,Remaining time vs overrun,Time overrun,Months remaining
N06000167,Low,0.0044,0.9956,0,0,0,0.0044,Remaining time vs overrun,Time overrun,Sector
N06000169,Low,0.0625,0.9375,0,0,0,0.0625,Remaining time vs overrun,Time overrun,State
N06000170,Low,0.0006,0.9994,0,0,0,0.0006,Remaining time vs overrun,Time overrun,Months remaining
N06000171,Low,0.0004,0.9996,0,0,0,0.0004,Remaining time vs overrun,Time overrun,Months remaining
N06000172,Critical,0.9997,0.9997,0.9997,0,0,0,Time overrun,Remaining time vs overrun,Cost variance
N06000173,Critical,0.9999,0.9999,0.9999,0,0,0,Remaining time vs overrun,Time overrun,Months remaining
N06000176,Low,0.0003,0.9997,0,0,0,0.0003,Remaining time vs overrun,Time overrun,Months remaining
N06000177,Medium,0.4039,0.5961000000000001,0,0,0.4039,0,Remaining time vs overrun,Original cost,Time overrun
N06000178,Low,0.0002,0.9998,0,0,0,0.0002,Remaining time vs overrun,Time overrun,Months remaining
N06000179,Critical,1.0,1.0,1.0,0,0,0,Remaining time vs overrun,Time overrun,Months remaining
N06000180,Critical,0.9999,0.9999,0.9999,0,0,0,Remaining time vs overrun,Time overrun,Months remaining
N06000182,Low,0.0535,0.9465,0,0,0,0.0535,Remaining time vs overrun,Time overrun,Cost escalation ratio
N06000183,Low,0.0447,0.9553,0,0,0,0.0447,Remaining time vs overrun,Time overrun,State
N06000184,Critical,0.9999,0.9999,0.9999,0,0,0,Remaining time vs overrun,Time overrun,State
N06000185,Critical,0.9991,0.9991,0.9991,0,0,0,Time overrun,Remaining time vs overrun,Cost variance
N06000186,Critical,0.9996,0.9996,0.9996,0,0,0,Remaining time vs overrun,Time overrun,State
N06000187,Critical,0.9996,0.9996,0.9996,0,0,0,Remaining time vs overrun,Months remaining,Time overrun
N06000188,Critical,0.9996,0.9996,0.9996,0,0,0,Remaining time vs overrun,Months remaining,Time overrun
N06000189,Low,0.0051,0.9949,0,0,0,0.0051,Remaining time vs overrun,Time overrun,Months remaining
N06000191,Low,0.1134,0.8866,0,0,0,0.1134,Remaining time vs overrun,Time overrun,Previous expenditure ratio
N06000192,Critical,0.9999,0.9999,0.9999,0,0,0,Remaining time vs overrun,Time overrun,Previous expenditure ratio
N06000193,Low,0.0006,0.9994,0,0,0,0.0006,Remaining time vs overrun,Time overrun,Months remaining
N06000194,Critical,0.9999,0.9999,0.9999,0,0,0,Remaining time vs overrun,Time overrun,State
N06000195,Critical,1.0,1.0,1.0,0,0,0,Remaining time vs overrun,Time overrun,Months remaining
N06000196,Critical,1.0,1.0,1.0,0,0,0,Remaining time vs overrun,Time overrun,State
N06000197,Low,0.0005,0.9995,0,0,0,0.0005,Remaining time vs overrun,Time overrun,Months remaining
N06000198,Critical,0.9999,0.9999,0.9999,0,0,0,Remaining time vs overrun,Months remaining,Time overrun
N06000199,Low,0.0007,0.9993,0,0,0,0.0007,Remaining time vs overrun,Time overrun,Months remaining
N06000200,Low,0.0007,0.9993,0,0,0,0.0007,Remaining time vs overrun,Time overrun,Months remaining
N06000202,Critical,0.9999,0.9999,0.9999,0,0,0,Remaining time vs overrun,Months remaining,Time overrun
N06000203,Critical,0.9999,0.9999,0.9999,0,0,0,Remaining time vs overrun,Time overrun,Previous expenditure ratio
N06000204,Critical,0.9996,0.9996,0.9996,0,0,0,Remaining time vs overrun,Time overrun,Previous expenditure ratio
N06000205,Critical,0.9992,0.9992,0.9992,0,0,0,Time overrun,Remaining time vs overrun,3-month expenditure change
N06000206,Low,0.0766,0.9234,0,0,0,0.0766,Remaining time vs overrun,Time overrun,Cost variance
N06000207,Critical,0.999,0.999,0.999,0,0,0,Time overrun,Remaining time vs overrun,Expenditure ratio
N06000208,Critical,0.9998,0.9998,0.9998,0,0,0,Remaining time vs overrun,Time overrun,State
N06000209,Low,0.0005,0.9995,0,0,0,0.0005,Remaining time vs overrun,Time overrun,Months remaining
N06000210,Critical,0.9998,0.9998,0.9998,0,0,0,Remaining time vs overrun,Months remaining,Time overrun
N06000211,Critical,1.0,1.0,1.0,0,0,0,Remaining time vs overrun,Time overrun,Previous expenditure ratio
N06000212,Critical,1.0,1.0,1.0,0,0,0,Remaining time vs overrun,Time overrun,Months remaining
N06000213,Critical,0.9999,0.9999,0.9999,0,0,0,Remaining time vs overrun,Months remaining,Time overrun
N06000214,Critical,0.9998,0.9998,0.9998,0,0,0,Remaining time vs overrun,Months remaining,Time overrun
N06000215,Critical,1.0,1.0,1.0,0,0,0,Remaining time vs overrun,Original cost,Time overrun
N06000216,Low,0.0009,0.9991,0,0,0,0.0009,Remaining time vs overrun,Time overrun,Months remaining
N06000217,Low,0.0003,0.9997,0,0,0,0.0003,Remaining time vs overrun,Time overrun,Months remaining
N06000218,Critical,0.8304,0.8304,0.8304,0,0,0,Remaining time vs overrun,Time overrun,Previous expenditure ratio
N06000219,Critical,0.9999,0.9999,0.9999,0,0,0,Remaining time vs overrun,Months remaining,Time overrun
N06000220,Low,0.0007,0.9993,0,0,0,0.0007,Remaining time vs overrun,Time overrun,Months remaining
N06000221,Critical,0.8553,0.8553,0.8553,0,0,0,Remaining time vs overrun,Time overrun,Months remaining
N06000222,Low,0.0077,0.9923,0,0,0,0.0077,Remaining time vs overrun,Time overrun,Sector
N06000223,Low,0.0003,0.9997,0,0,0,0.0003,Remaining time vs overrun,Time overrun,Months remaining
N06000224,Low,0.0003,0.9997,0,0,0,0.0003,Remaining time vs overrun,Time overrun,Months remaining
N06000226,Critical,1.0,1.0,1.0,0,0,0,Remaining time vs overrun,Months remaining,Time overrun
N06000227,Low,0.0011,0.9989,0,0,0,0.0011,Remaining time vs overrun,Time overrun,Months remaining
N06000228,Low,0.0002,0.9998,0,0,0,0.0002,Remaining time vs overrun,Time overrun,Months remaining
N06000229,Low,0.0013,0.9987,0,0,0,0.0013,Remaining time vs overrun,Time overrun,Months remaining
N06000230,Low,0.0012,0.9988,0,0,0,0.0012,Remaining time vs overrun,Time overrun,Months remaining
N06000231,High,0.6082,0.6082,0,0.6082,0,0,Remaining time vs overrun,Time overrun,Anticipated cost
N06000232,Critical,0.9996,0.9996,0.9996,0,0,0,Remaining time vs overrun,Time overrun,State
N06000233,High,0.5478,0.5478,0,0.5478,0,0,Remaining time vs overrun,Time overrun,Anticipated cost
N06000234,Critical,0.9998,0.9998,0.9998,0,0,0,Remaining time vs overrun,Time overrun,State
N06000235,Low,0.0002,0.9998,0,0,0,0.0002,Remaining time vs overrun,Time overrun,Months remaining
N06000236,Low,0.0262,0.9738,0,0,0,0.0262,Remaining time vs overrun,Time overrun,3-month expenditure change
N06000237,Low,0.0008,0.9992,0,0,0,0.0008,Remaining time vs overrun,Time overrun,Months remaining
N06000238,Low,0.0032,0.9968,0,0,0,0.0032,Remaining time vs overrun,Time overrun,Months remaining
N06000239,Critical,0.9999,0.9999,0.9999,0,0,0,Remaining time vs overrun,Months remaining,Time overrun
N06000240,Low,0.0004,0.9996,0,0,0,0.0004,Remaining time vs overrun,Time overrun,Months remaining
N06000241,Critical,0.9999,0.9999,0.9999,0,0,0,Remaining time vs overrun,Months remaining,Time overrun
N06000242,Low,0.0018,0.9982,0,0,0,0.0018,Remaining time vs overrun,Time overrun,Months remaining
N06000243,Low,0.0008,0.9992,0,0,0,0.0008,Remaining time vs overrun,Time overrun,Months remaining
N06000244,Low,0.0528,0.9472,0,0,0,0.0528,Remaining time vs overrun,Time overrun,Original cost
N06000245,Low,0.0009,0.9991,0,0,0,0.0009,Remaining time vs overrun,Time overrun,Months remaining
N06000246,Low,0.181,0.819,0,0,0,0.181,Remaining time vs overrun,Time overrun,Previous expenditure ratio
N06000247,Low,0.0009,0.9991,0,0,0,0.0009,Remaining time vs overrun,Time overrun,Months remaining
N06000248,Critical,0.9998,0.9998,0.9998,0,0,0,Remaining time vs overrun,Time overrun,Expenditure ratio
N06000249,Low,0.0007,0.9993,0,0,0,0.0007,Remaining time vs overrun,Time overrun,Months remaining
N06000250,Low,0.0044,0.9956,0,0,0,0.0044,Remaining time vs overrun,Time overrun,State
N06000251,Low,0.0003,0.9997,0,0,0,0.0003,Remaining time vs overrun,Time overrun,Months remaining
N06000252,Low,0.0072,0.9928,0,0,0,0.0072,Remaining time vs overrun,Time overrun,3-month expenditure change
N06000253,Low,0.0913,0.9087,0,0,0,0.0913,Remaining time vs overrun,Time overrun,3-month expenditure change
N06000254,Low,0.0018,0.9982,0,0,0,0.0018,Remaining time vs overrun,Time overrun,Months remaining
N06000255,Low,0.0047,0.9953,0,0,0,0.0047,Remaining time vs overrun,Time overrun,Previous expenditure ratio
N06000256,Low,0.0049,0.9951,0,0,0,0.0049,Remaining time vs overrun,Time overrun,Months remaining
N06000257,Low,0.0077,0.9923,0,0,0,0.0077,Remaining time vs overrun,Time overrun,3-month expenditure change
N06000258,Low,0.0665,0.9335,0,0,0,0.0665,Remaining time vs overrun,Time overrun,3-month expenditure change
N06000259,Critical,0.9998,0.9998,0.9998,0,0,0,Remaining time vs overrun,Months remaining,Time overrun
N06000260,Low,0.0038,0.9962,0,0,0,0.0038,Remaining time vs overrun,Time overrun,Months remaining
N06000261,Low,0.0005,0.9995,0,0,0,0.0005,Remaining time vs overrun,Time overrun,Months remaining
N06000263,Low,0.0007,0.9993,0,0,0,0.0007,Remaining time vs overrun,Time overrun,Months remaining
N06000264,Low,0.1144,0.8855999999999999,0,0,0,0.1144,Remaining time vs overrun,Time overrun,3-month expenditure change
N06000265,Low,0.0012,0.9988,0,0,0,0.0012,Remaining time vs overrun,Time overrun,Months remaining
N06000266,Low,0.0424,0.9576,0,0,0,0.0424,Remaining time vs overrun,Time overrun,Original cost
N06000267,Low,0.0022,0.9978,0,0,0,0.0022,Remaining time vs overrun,Time overrun,Sector
N06000268,Low,0.0012,0.9988,0,0,0,0.0012,Remaining time vs overrun,Time overrun,Months remaining
N06000269,Critical,0.9997,0.9997,0.9997,0,0,0,Remaining time vs overrun,Time overrun,Anticipated cost
N06000270,Critical,0.9992,0.9992,0.9992,0,0,0,Time overrun,Months remaining,Original cost
N06000271,Low,0.0023,0.9977,0,0,0,0.0023,Remaining time vs overrun,Time overrun,Months remaining
N06000272,Low,0.0019,0.9981,0,0,0,0.0019,Remaining time vs overrun,Time overrun,Months remaining
N06000273,Low,0.0002,0.9998,0,0,0,0.0002,Remaining time vs overrun,Time overrun,Months remaining
N06000274,Low,0.0011,0.9989,0,0,0,0.0011,Remaining time vs overrun,Time overrun,Months remaining
N06000275,Low,0.0001,0.9999,0,0,0,0.0001,Remaining time vs overrun,Time overrun,Months remaining
N06000276,Low,0.0003,0.9997,0,0,0,0.0003,Remaining time vs overrun,Time overrun,Months remaining
N06000277,Low,0.0008,0.9992,0,0,0,0.0008,Remaining time vs overrun,Time overrun,Months remaining
N06000278,Low,0.0072,0.9928,0,0,0,0.0072,Remaining time vs overrun,Time overrun,Months remaining
N06000279,Critical,0.9987,0.9987,0.9987,0,0,0,Remaining time vs overrun,Months remaining,Time overrun
N06000280,Low,0.0089,0.9911,0,0,0,0.0089,Remaining time vs overrun,Time overrun,Sector
N06000281,Low,0.007,0.993,0,0,0,0.007,Remaining time vs overrun,Time overrun,Months remaining
N06000282,Low,0.0036,0.9964,0,0,0,0.0036,Remaining time vs overrun,Time overrun,Previous expenditure ratio
N06000283,Low,0.0099,0.9901,0,0,0,0.0099,Remaining time vs overrun,Time overrun,Months remaining
N06000284,Low,0.0101,0.9899,0,0,0,0.0101,Remaining time vs overrun,Time overrun,Previous expenditure ratio
N06000285,Low,0.0017,0.9983,0,0,0,0.0017,Remaining time vs overrun,Time overrun,Months remaining
N06000286,Low,0.0004,0.9996,0,0,0,0.0004,Remaining time vs overrun,Time overrun,Expenditure ratio
N06000287,Low,0.0052,0.9948,0,0,0,0.0052,Remaining time vs overrun,Time overrun,Months remaining
N06000288,Low,0.0016,0.9984,0,0,0,0.0016,Remaining time vs overrun,Time overrun,Months remaining
N06000289,Low,0.0044,0.9956,0,0,0,0.0044,Remaining time vs overrun,Time overrun,Months remaining
N06000290,Low,0.0054,0.9946,0,0,0,0.0054,Remaining time vs overrun,Time overrun,Original cost
N06000291,Low,0.0015,0.9985,0,0,0,0.0015,Remaining time vs overrun,Time overrun,Months remaining
N06000292,Critical,0.9998,0.9998,0.9998,0,0,0,Remaining time vs overrun,Time overrun,Sector
N06000293,Critical,0.9987,0.9987,0.9987,0,0,0,Remaining time vs overrun,Time overrun,Expenditure ratio
N06000294,Critical,0.9953,0.9953,0.9953,0,0,0,Remaining time vs overrun,Time overrun,Expenditure ratio
N06000295,Critical,0.9997,0.9997,0.9997,0,0,0,Remaining time vs overrun,Time overrun,Sector
N07000001,Critical,1.0,1.0,1.0,0,0,0,Remaining time vs overrun,Months remaining,Cost variance
N08000009,Critical,1.0,1.0,1.0,0,0,0,Remaining time vs overrun,Sector,Months remaining
N08000014,Critical,1.0,1.0,1.0,0,0,0,Remaining time vs overrun,Sector,Months remaining
N08000015,Critical,1.0,1.0,1.0,0,0,0,Remaining time vs overrun,Sector,Months remaining
N08000016,Critical,0.9999,0.9999,0.9999,0,0,0,Remaining time vs overrun,Sector,Months remaining
N08000018,Critical,1.0,1.0,1.0,0,0,0,Remaining time vs overrun,Sector,Months remaining
N08000019,High,0.6283,0.6283,0,0.6283,0,0,Remaining time vs overrun,Sector,Time overrun
N08000020,Critical,0.8991,0.8991,0.8991,0,0,0,Remaining time vs overrun,Sector,Time overrun
N09000002,Critical,0.9999,0.9999,0.9999,0,0,0,Remaining time vs overrun,Months remaining,Time overrun
N09000003,Critical,0.9986,0.9986,0.9986,0,0,0,Months remaining,Time overrun,Remaining time vs overrun
N10000010,Critical,0.9999,0.9999,0.9999,0,0,0,Remaining time vs overrun,Time overrun,Sector
N10000011,Critical,1.0,1.0,1.0,0,0,0,Remaining time vs overrun,Time overrun,Months remaining
N10000012,Critical,0.9999,0.9999,0.9999,0,0,0,Remaining time vs overrun,Time overrun,Original cost
N10000013,Critical,1.0,1.0,1.0,0,0,0,Remaining time vs overrun,Time overrun,Months remaining
N10000014,Critical,1.0,1.0,1.0,0,0,0,Remaining time vs overrun,Months remaining,Cost variance
N10000015,Critical,0.9986,0.9986,0.9986,0,0,0,Remaining time vs overrun,Time overrun,Anticipated cost
N10000016,Critical,1.0,1.0,1.0,0,0,0,Remaining time vs overrun,Months remaining,Cost variance
N10000017,Critical,0.9999,0.9999,0.9999,0,0,0,Remaining time vs overrun,Months remaining,Time overrun
N12000086,Critical,1.0,1.0,1.0,0,0,0,Remaining time vs overrun,Time overrun,Months remaining
N12000091,Critical,0.9999,0.9999,0.9999,0,0,0,Remaining time vs overrun,Time overrun,Cumulative expenditure
N12000094,Critical,0.9999,0.9999,0.9999,0,0,0,Remaining time vs overrun,Time overrun,Months remaining
N12000095,Critical,1.0,1.0,1.0,0,0,0,Remaining time vs overrun,Time overrun,Cumulative expenditure
N12000096,Critical,1.0,1.0,1.0,0,0,0,Remaining time vs overrun,Time overrun,Months remaining
N12000098,Critical,1.0,1.0,1.0,0,0,0,Remaining time vs overrun,Original cost,Time overrun
N12000099,Critical,1.0,1.0,1.0,0,0,0,Remaining time vs overrun,Time overrun,Expenditure ratio
N12000100,Critical,0.9999,0.9999,0.9999,0,0,0,Remaining time vs overrun,Time overrun,Original cost
N12000103,Critical,0.9999,0.9999,0.9999,0,0,0,Remaining time vs overrun,Time overrun,Months remaining
N12000107,Critical,0.9996,0.9996,0.9996,0,0,0,Remaining time vs overrun,Time overrun,Previous expenditure ratio
N12000108,Critical,1.0,1.0,1.0,0,0,0,Remaining time vs overrun,Time overrun,Months remaining
N12000109,Critical,1.0,1.0,1.0,0,0,0,Remaining time vs overrun,Time overrun,Anticipated cost
N12000115,High,0.6149,0.6149,0,0.6149,0,0,Remaining time vs overrun,Time overrun,Anticipated cost
N12000116,Critical,1.0,1.0,1.0,0,0,0,Remaining time vs overrun,Time overrun,Months remaining
N12000117,Critical,0.9999,0.9999,0.9999,0,0,0,Remaining time vs overrun,Time overrun,State
N12000118,Critical,1.0,1.0,1.0,0,0,0,Remaining time vs overrun,Time overrun,Previous expenditure ratio
N12000119,Critical,0.9999,0.9999,0.9999,0,0,0,Remaining time vs overrun,Time overrun,Months remaining
N12000120,Critical,0.9998,0.9998,0.9998,0,0,0,Remaining time vs overrun,Time overrun,Months remaining
N12000121,Critical,0.9999,0.9999,0.9999,0,0,0,Remaining time vs overrun,Time overrun,Previous expenditure ratio
N12000122,Critical,0.9999,0.9999,0.9999,0,0,0,Remaining time vs overrun,Time overrun,Previous expenditure ratio
N12000123,Critical,0.9997,0.9997,0.9997,0,0,0,Time overrun,Remaining time vs overrun,State
N12000124,Critical,0.9999,0.9999,0.9999,0,0,0,Remaining time vs overrun,Time overrun,3-month expenditure change
N12000125,Critical,0.9995,0.9995,0.9995,0,0,0,Remaining time vs overrun,Time overrun,Months remaining
N12000126,Critical,0.9998,0.9998,0.9998,0,0,0,Time overrun,Remaining time vs overrun,Original cost
N12000127,Critical,0.9999,0.9999,0.9999,0,0,0,Remaining time vs overrun,Time overrun,State
N12000129,Critical,0.9963,0.9963,0.9963,0,0,0,Remaining time vs overrun,Time overrun,Months remaining
N12000130,Critical,0.9998,0.9998,0.9998,0,0,0,Remaining time vs overrun,Time overrun,State
N12000131,Low,0.1815,0.8185,0,0,0,0.1815,Remaining time vs overrun,Time overrun,Previous expenditure ratio
N12000132,Medium,0.251,0.749,0,0,0.251,0,Remaining time vs overrun,Time overrun,Sector
N12000133,Low,0.0319,0.9681,0,0,0,0.0319,Remaining time vs overrun,Time overrun,Previous expenditure ratio
N12000134,Critical,0.9074,0.9074,0.9074,0,0,0,Remaining time vs overrun,Time overrun,Months remaining
N12000135,Low,0.1667,0.8333,0,0,0,0.1667,Remaining time vs overrun,Time overrun,Sector
N12000136,Medium,0.3054,0.6946,0,0,0.3054,0,Remaining time vs overrun,Time overrun,Original cost
N12000137,Critical,0.9991,0.9991,0.9991,0,0,0,Time overrun,Remaining time vs overrun,Previous expenditure ratio
N12000138,Critical,0.999,0.999,0.999,0,0,0,Time overrun,Remaining time vs overrun,Previous expenditure ratio
N12000139,Critical,0.9982,0.9982,0.9982,0,0,0,Time overrun,Remaining time vs overrun,Previous expenditure ratio
N12000140,Critical,0.9993,0.9993,0.9993,0,0,0,Time overrun,Remaining time vs overrun,Previous expenditure ratio
N12000141,Critical,0.9993,0.9993,0.9993,0,0,0,Time overrun,Remaining time vs overrun,Original cost
N12000142,Critical,0.9991,0.9991,0.9991,0,0,0,Time overrun,Remaining time vs overrun,Original cost
N12000143,Critical,0.999,0.999,0.999,0,0,0,Time overrun,Remaining time vs overrun,Previous expenditure ratio
N16000061,Critical,1.0,1.0,1.0,0,0,0,Remaining time vs overrun,Months remaining,Cost variance
N16000072,Critical,1.0,1.0,1.0,0,0,0,Remaining time vs overrun,Months remaining,Time overrun
N16000127,Critical,0.9999,0.9999,0.9999,0,0,0,Remaining time vs overrun,Time overrun,Months remaining
N16000128,Critical,1.0,1.0,1.0,0,0,0,Remaining time vs overrun,Months remaining,Time overrun
N16000131,Critical,1.0,1.0,1.0,0,0,0,Remaining time vs overrun,Months remaining,Time overrun
N16000155,Critical,1.0,1.0,1.0,0,0,0,Remaining time vs overrun,Time overrun,Previous expenditure ratio
N16000162,Critical,0.9994,0.9994,0.9994,0,0,0,Remaining time vs overrun,Months remaining,Time overrun
N16000167,Critical,1.0,1.0,1.0,0,0,0,Remaining time vs overrun,Time overrun,Months remaining
N16000171,Critical,1.0,1.0,1.0,0,0,0,Remaining time vs overrun,Time overrun,Months remaining
N16000179,Critical,0.9999,0.9999,0.9999,0,0,0,Remaining time vs overrun,Months remaining,Time overrun
N16000193,Critical,0.9999,0.9999,0.9999,0,0,0,Remaining time vs overrun,Time overrun,Months remaining
N16000194,Critical,1.0,1.0,1.0,0,0,0,Remaining time vs overrun,Time overrun,Months remaining
N16000195,Critical,1.0,1.0,1.0,0,0,0,Remaining time vs overrun,Months remaining,Cost variance
N16000196,Critical,1.0,1.0,1.0,0,0,0,Remaining time vs overrun,Months remaining,Time overrun
N16000197,Critical,1.0,1.0,1.0,0,0,0,Remaining time vs overrun,Months remaining,Time overrun
N16000198,Critical,1.0,1.0,1.0,0,0,0,Remaining time vs overrun,Months remaining,Cost variance
N16000204,Critical,0.9999,0.9999,0.9999,0,0,0,Remaining time vs overrun,Months remaining,Time overrun
N16000210,Critical,0.9999,0.9999,0.9999,0,0,0,Remaining time vs overrun,Months remaining,Time overrun
N16000212,Critical,1.0,1.0,1.0,0,0,0,Remaining time vs overrun,Months remaining,Time overrun
N16000213,Critical,1.0,1.0,1.0,0,0,0,Remaining time vs overrun,Time overrun,Months remaining
N16000223,Critical,1.0,1.0,1.0,0,0,0,Remaining time vs overrun,Time overrun,Months remaining
N16000227,Critical,1.0,1.0,1.0,0,0,0,Remaining time vs overrun,Time overrun,Months remaining
N16000233,Critical,1.0,1.0,1.0,0,0,0,Remaining time vs overrun,Time overrun,Previous expenditure ratio
N16000234,Critical,0.9999,0.9999,0.9999,0,0,0,Remaining time vs overrun,Time overrun,Cost variance
N16000235,Critical,1.0,1.0,1.0,0,0,0,Remaining time vs overrun,Months remaining,Time overrun
N16000236,Critical,1.0,1.0,1.0,0,0,0,Remaining time vs overrun,Time overrun,Months remaining
N16000237,Critical,0.9998,0.9998,0.9998,0,0,0,Remaining time vs overrun,Months remaining,Previous expenditure ratio
N16000238,Critical,1.0,1.0,1.0,0,0,0,Remaining time vs overrun,Months remaining,Time overrun
N16000239,Critical,1.0,1.0,1.0,0,0,0,Remaining time vs overrun,Time overrun,Months remaining
N16000241,Critical,0.9993,0.9993,0.9993,0,0,0,Remaining time vs overrun,Time overrun,Months remaining
N16000243,Critical,1.0,1.0,1.0,0,0,0,Remaining time vs overrun,Months remaining,Time overrun
N16000247,Critical,1.0,1.0,1.0,0,0,0,Remaining time vs overrun,Months remaining,Time overrun
N16000248,Critical,1.0,1.0,1.0,0,0,0,Remaining time vs overrun,Months remaining,Time overrun
N16000249,Critical,1.0,1.0,1.0,0,0,0,Remaining time vs overrun,Time overrun,Months remaining
N16000250,Critical,1.0,1.0,1.0,0,0,0,Remaining time vs overrun,Months remaining,Cost variance
N16000251,Critical,0.9992,0.9992,0.9992,0,0,0,Remaining time vs overrun,Months remaining,Time overrun
N16000252,Critical,1.0,1.0,1.0,0,0,0,Remaining time vs overrun,Months remaining,Previous expenditure ratio
N16000253,Critical,1.0,1.0,1.0,0,0,0,Remaining time vs overrun,Time overrun,Months remaining
N16000254,Critical,0.9992,0.9992,0.9992,0,0,0,Remaining time vs overrun,Months remaining,Time overrun
N16000255,Critical,0.9998,0.9998,0.9998,0,0,0,Remaining time vs overrun,Months remaining,Time overrun
N16000256,Critical,1.0,1.0,1.0,0,0,0,Remaining time vs overrun,Original cost,Time overrun
N16000257,Critical,1.0,1.0,1.0,0,0,0,Remaining time vs overrun,Months remaining,Time overrun
N16000258,Critical,1.0,1.0,1.0,0,0,0,Remaining time vs overrun,Time overrun,Months remaining
N16000259,Critical,1.0,1.0,1.0,0,0,0,Remaining time vs overrun,Time overrun,Months remaining
N16000260,Critical,0.999,0.999,0.999,0,0,0,Remaining time vs overrun,Months remaining,Time overrun
N16000261,Critical,1.0,1.0,1.0,0,0,0,Remaining time vs overrun,Time overrun,Months remaining
N16000263,Critical,1.0,1.0,1.0,0,0,0,Remaining time vs overrun,Cost variance,Months remaining
N16000267,Critical,1.0,1.0,1.0,0,0,0,Remaining time vs overrun,Months remaining,Time overrun
N16000268,Critical,0.9999,0.9999,0.9999,0,0,0,Remaining time vs overrun,Time overrun,Months remaining
N16000269,Critical,0.9933,0.9933,0.9933,0,0,0,Months remaining,Remaining time vs overrun,Time overrun
N16000270,Critical,0.9941,0.9941,0.9941,0,0,0,Months remaining,Remaining time vs overrun,Time overrun
N16000271,Critical,1.0,1.0,1.0,0,0,0,Remaining time vs overrun,Months remaining,Time overrun
N16000272,Critical,1.0,1.0,1.0,0,0,0,Remaining time vs overrun,Time overrun,Months remaining
N16000273,Critical,0.9999,0.9999,0.9999,0,0,0,Remaining time vs overrun,Months remaining,Time overrun
N16000274,Critical,0.9999,0.9999,0.9999,0,0,0,Remaining time vs overrun,Months remaining,Time overrun
N16000275,Critical,0.9999,0.9999,0.9999,0,0,0,Remaining time vs overrun,Time overrun,Previous expenditure ratio
N16000276,Critical,0.9999,0.9999,0.9999,0,0,0,Remaining time vs overrun,Months remaining,Time overrun
N16000277,Critical,1.0,1.0,1.0,0,0,0,Remaining time vs overrun,Time overrun,Months remaining
N16000278,Critical,0.9999,0.9999,0.9999,0,0,0,Remaining time vs overrun,Time overrun,Months remaining
N16000279,Medium,0.3246,0.6754,0,0,0.3246,0,Remaining time vs overrun,Time overrun,Previous expenditure ratio
N16000280,Critical,1.0,1.0,1.0,0,0,0,Remaining time vs overrun,Cost variance,Months remaining
N16000281,Critical,0.9997,0.9997,0.9997,0,0,0,Remaining time vs overrun,Months remaining,Time overrun
N16000282,Critical,1.0,1.0,1.0,0,0,0,Remaining time vs overrun,Months remaining,Original cost
N16000283,Critical,1.0,1.0,1.0,0,0,0,Remaining time vs overrun,Original cost,Time overrun
N16000284,Critical,0.9999,0.9999,0.9999,0,0,0,Remaining time vs overrun,Months remaining,Time overrun
N16000285,Critical,0.9999,0.9999,0.9999,0,0,0,Remaining time vs overrun,Time overrun,Cost variance
N16000286,Critical,0.9999,0.9999,0.9999,0,0,0,Remaining time vs overrun,Months remaining,Time overrun
N16000288,Critical,0.999,0.999,0.999,0,0,0,Remaining time vs overrun,Time overrun,Months remaining
N16000289,Critical,1.0,1.0,1.0,0,0,0,Remaining time vs overrun,Time overrun,Previous expenditure ratio
N16000290,Critical,0.9713,0.9713,0.9713,0,0,0,Months remaining,Remaining time vs overrun,Time overrun
N16000292,Critical,1.0,1.0,1.0,0,0,0,Remaining time vs overrun,Months remaining,Time overrun
N16000293,Critical,0.998,0.998,0.998,0,0,0,Remaining time vs overrun,Time overrun,Months remaining
N16000294,Critical,1.0,1.0,1.0,0,0,0,Remaining time vs overrun,Months remaining,Time overrun
N16000295,Critical,0.9999,0.9999,0.9999,0,0,0,Remaining time vs overrun,Months remaining,Time overrun
N16000296,Critical,0.9999,0.9999,0.9999,0,0,0,Remaining time vs overrun,Months remaining,Time overrun
N16000297,Critical,1.0,1.0,1.0,0,0,0,Remaining time vs overrun,Months remaining,Time overrun
N16000299,Critical,0.9997,0.9997,0.9997,0,0,0,Remaining time vs overrun,Time overrun,Months remaining
N16000300,Critical,1.0,1.0,1.0,0,0,0,Remaining time vs overrun,Original cost,Time overrun
N16000301,Critical,1.0,1.0,1.0,0,0,0,Remaining time vs overrun,Months remaining,Time overrun
N16000302,Critical,0.997,0.997,0.997,0,0,0,Remaining time vs overrun,Time overrun,Months remaining
N16000303,Critical,0.9998,0.9998,0.9998,0,0,0,Remaining time vs overrun,Months remaining,Time overrun
N16000304,Critical,1.0,1.0,1.0,0,0,0,Remaining time vs overrun,Months remaining,Time overrun
N16000305,Critical,0.9997,0.9997,0.9997,0,0,0,Remaining time vs overrun,Months remaining,Time overrun
N16000306,Critical,0.9997,0.9997,0.9997,0,0,0,Remaining time vs overrun,Months remaining,Time overrun
N16000308,Critical,0.9998,0.9998,0.9998,0,0,0,Remaining time vs overrun,Months remaining,Time overrun
N16000309,Critical,0.9997,0.9997,0.9997,0,0,0,Remaining time vs overrun,Months remaining,Time overrun
N16000310,Critical,0.9999,0.9999,0.9999,0,0,0,Remaining time vs overrun,Months remaining,Time overrun
N16000311,Low,0.0085,0.9915,0,0,0,0.0085,Remaining time vs overrun,Time overrun,Anticipated cost
N16000312,Critical,1.0,1.0,1.0,0,0,0,Remaining time vs overrun,Months remaining,Time overrun
N16000313,Critical,1.0,1.0,1.0,0,0,0,Remaining time vs overrun,Months remaining,Time overrun
N16000314,Critical,1.0,1.0,1.0,0,0,0,Remaining time vs overrun,Time overrun,State
N16000315,Critical,1.0,1.0,1.0,0,0,0,Remaining time vs overrun,Time overrun,Months remaining
N16000316,Critical,1.0,1.0,1.0,0,0,0,Remaining time vs overrun,Original cost,Time overrun
N16000317,Critical,1.0,1.0,1.0,0,0,0,Remaining time vs overrun,Months remaining,Time overrun
N16000318,Critical,0.997,0.997,0.997,0,0,0,Remaining time vs overrun,Time overrun,Anticipated cost
N16000319,Critical,1.0,1.0,1.0,0,0,0,Remaining time vs overrun,Months remaining,Time overrun
N16000320,Critical,0.9999,0.9999,0.9999,0,0,0,Remaining time vs overrun,Months remaining,Time overrun
N16000321,Critical,1.0,1.0,1.0,0,0,0,Remaining time vs overrun,Time overrun,Months remaining
N16000322,Critical,0.9998,0.9998,0.9998,0,0,0,Remaining time vs overrun,Months remaining,Time overrun
N16000323,Critical,1.0,1.0,1.0,0,0,0,Remaining time vs overrun,Time overrun,Months remaining
N16000324,Critical,0.9999,0.9999,0.9999,0,0,0,Remaining time vs overrun,Time overrun,Months remaining
N16000325,Critical,0.9999,0.9999,0.9999,0,0,0,Remaining time vs overrun,Months remaining,Time overrun
N16000326,Critical,0.9999,0.9999,0.9999,0,0,0,Remaining time vs overrun,Months remaining,Time overrun
N16000327,Critical,0.9999,0.9999,0.9999,0,0,0,Remaining time vs overrun,Months remaining,Time overrun
N16000328,Critical,0.9998,0.9998,0.9998,0,0,0,Remaining time vs overrun,Months remaining,Time overrun
N16000329,Critical,1.0,1.0,1.0,0,0,0,Remaining time vs overrun,Time overrun,Months remaining
N16000330,Low,0.002,0.998,0,0,0,0.002,Remaining time vs overrun,Time overrun,Months remaining
N16000331,Critical,0.9999,0.9999,0.9999,0,0,0,Remaining time vs overrun,Time overrun,Months remaining
N16000332,Critical,1.0,1.0,1.0,0,0,0,Remaining time vs overrun,Months remaining,Cost variance
N16000333,Critical,0.9999,0.9999,0.9999,0,0,0,Remaining time vs overrun,Months remaining,Previous expenditure ratio
N16000334,Critical,0.9999,0.9999,0.9999,0,0,0,Remaining time vs overrun,Months remaining,Time overrun
N16000335,Critical,0.9998,0.9998,0.9998,0,0,0,Remaining time vs overrun,Months remaining,Time overrun
N16000336,Critical,0.9989,0.9989,0.9989,0,0,0,Remaining time vs overrun,Time overrun,Previous expenditure ratio
N16000337,Critical,1.0,1.0,1.0,0,0,0,Remaining time vs overrun,Time overrun,Months remaining
N16000338,Critical,0.9999,0.9999,0.9999,0,0,0,Remaining time vs overrun,Months remaining,Time overrun
N16000339,Critical,1.0,1.0,1.0,0,0,0,Remaining time vs overrun,Time overrun,Months remaining
N16000340,Critical,1.0,1.0,1.0,0,0,0,Remaining time vs overrun,Months remaining,Time overrun
N16000341,Critical,0.9991,0.9991,0.9991,0,0,0,Remaining time vs overrun,Months remaining,Time overrun
N16000342,Critical,1.0,1.0,1.0,0,0,0,Remaining time vs overrun,Months remaining,Time overrun
N16000343,Critical,0.9999,0.9999,0.9999,0,0,0,Remaining time vs overrun,Months remaining,Time overrun
N16000344,Critical,1.0,1.0,1.0,0,0,0,Remaining time vs overrun,Months remaining,Time overrun
N16000345,Critical,1.0,1.0,1.0,0,0,0,Remaining time vs overrun,Months remaining,Time overrun
N16000346,Medium,0.2706,0.7294,0,0,0.2706,0,Remaining time vs overrun,Time overrun,Original cost
N16000347,Critical,0.9999,0.9999,0.9999,0,0,0,Remaining time vs overrun,Months remaining,Time overrun
N16000348,Critical,1.0,1.0,1.0,0,0,0,Remaining time vs overrun,Months remaining,Time overrun
N16000349,Critical,1.0,1.0,1.0,0,0,0,Remaining time vs overrun,Time overrun,Months remaining
N16000350,Critical,0.9999,0.9999,0.9999,0,0,0,Remaining time vs overrun,Months remaining,Time overrun
N16000351,Critical,0.9996,0.9996,0.9996,0,0,0,Remaining time vs overrun,Time overrun,Months remaining
N16000352,Critical,1.0,1.0,1.0,0,0,0,Remaining time vs overrun,Time overrun,Previous expenditure ratio
N16000353,Critical,1.0,1.0,1.0,0,0,0,Remaining time vs overrun,Time overrun,Months remaining
N16000354,Critical,0.9996,0.9996,0.9996,0,0,0,Remaining time vs overrun,Months remaining,Time overrun
N16000355,Critical,1.0,1.0,1.0,0,0,0,Remaining time vs overrun,Time overrun,Months remaining
N16000356,Critical,1.0,1.0,1.0,0,0,0,Remaining time vs overrun,Time overrun,Months remaining
N16000357,Critical,1.0,1.0,1.0,0,0,0,Remaining time vs overrun,Months remaining,Time overrun
N16000358,Critical,1.0,1.0,1.0,0,0,0,Remaining time vs overrun,Time overrun,Months remaining
N16000359,Critical,1.0,1.0,1.0,0,0,0,Remaining time vs overrun,Months remaining,Time overrun
N16000360,Critical,0.9999,0.9999,0.9999,0,0,0,Remaining time vs overrun,Time overrun,Months remaining
N16000361,Critical,1.0,1.0,1.0,0,0,0,Remaining time vs overrun,Time overrun,Months remaining
N16000362,Critical,0.9997,0.9997,0.9997,0,0,0,Original cost,Remaining time vs overrun,Time overrun
N16000363,Critical,0.9999,0.9999,0.9999,0,0,0,Remaining time vs overrun,Months remaining,Time overrun
N16000364,Critical,0.9998,0.9998,0.9998,0,0,0,Remaining time vs overrun,Months remaining,Time overrun
N16000365,Critical,0.9997,0.9997,0.9997,0,0,0,Remaining time vs overrun,Months remaining,Time overrun
N16000366,Critical,0.9998,0.9998,0.9998,0,0,0,Remaining time vs overrun,Months remaining,Time overrun
N16000367,Critical,1.0,1.0,1.0,0,0,0,Remaining time vs overrun,Months remaining,Time overrun
N16000368,Critical,0.9998,0.9998,0.9998,0,0,0,Remaining time vs overrun,Time overrun,Months remaining
N16000369,Critical,1.0,1.0,1.0,0,0,0,Remaining time vs overrun,Time overrun,Months remaining
N16000370,Critical,1.0,1.0,1.0,0,0,0,Remaining time vs overrun,Time overrun,Months remaining
N16000371,Critical,0.9998,0.9998,0.9998,0,0,0,Remaining time vs overrun,Time overrun,Original cost
N16000373,Critical,1.0,1.0,1.0,0,0,0,Remaining time vs overrun,Time overrun,Months remaining
N16000374,Critical,0.9999,0.9999,0.9999,0,0,0,Remaining time vs overrun,Months remaining,Time overrun
N16000375,Critical,0.9999,0.9999,0.9999,0,0,0,Remaining time vs overrun,Time overrun,Months remaining
N16000376,Critical,1.0,1.0,1.0,0,0,0,Remaining time vs overrun,Time overrun,Months remaining
N16000377,Critical,0.9999,0.9999,0.9999,0,0,0,Remaining time vs overrun,Months remaining,Time overrun
N16000378,Critical,1.0,1.0,1.0,0,0,0,Remaining time vs overrun,Time overrun,Months remaining
N16000379,Critical,1.0,1.0,1.0,0,0,0,Remaining time vs overrun,Time overrun,Anticipated cost
N16000380,Critical,1.0,1.0,1.0,0,0,0,Remaining time vs overrun,Time overrun,Previous expenditure ratio
N16000381,Critical,1.0,1.0,1.0,0,0,0,Remaining time vs overrun,Time overrun,Original cost
N16000382,Critical,1.0,1.0,1.0,0,0,0,Remaining time vs overrun,Months remaining,Time overrun
N16000383,Critical,1.0,1.0,1.0,0,0,0,Remaining time vs overrun,Original cost,Time overrun
N16000384,Critical,0.9999,0.9999,0.9999,0,0,0,Remaining time vs overrun,Months remaining,Cost variance
N16000385,Low,0.0139,0.9861,0,0,0,0.0139,Remaining time vs overrun,Time overrun,Months remaining
N16000386,Critical,0.9999,0.9999,0.9999,0,0,0,Remaining time vs overrun,Time overrun,State
N16000387,Low,0.0012,0.9988,0,0,0,0.0012,Remaining time vs overrun,Time overrun,Months remaining
N16000388,Critical,0.9997,0.9997,0.9997,0,0,0,Remaining time vs overrun,Time overrun,Months remaining
N16000389,Critical,0.9998,0.9998,0.9998,0,0,0,Remaining time vs overrun,Time overrun,State
N16000390,Critical,1.0,1.0,1.0,0,0,0,Remaining time vs overrun,Months remaining,Time overrun
N16000391,Critical,0.9997,0.9997,0.9997,0,0,0,Remaining time vs overrun,Time overrun,State
N16000392,Low,0.0106,0.9894,0,0,0,0.0106,Remaining time vs overrun,Time overrun,Months remaining
N16000393,Critical,0.9999,0.9999,0.9999,0,0,0,Remaining time vs overrun,Months remaining,Time overrun
N16000394,Critical,1.0,1.0,1.0,0,0,0,Remaining time vs overrun,Time overrun,Anticipated cost
N16000395,Critical,0.9998,0.9998,0.9998,0,0,0,Remaining time vs overrun,Months remaining,Time overrun
N16000396,Critical,0.9998,0.9998,0.9998,0,0,0,Remaining time vs overrun,Time overrun,Months remaining
N16000397,Critical,0.9999,0.9999,0.9999,0,0,0,Remaining time vs overrun,Months remaining,Time overrun
N16000398,Critical,0.9999,0.9999,0.9999,0,0,0,Remaining time vs overrun,Months remaining,Time overrun
N16000399,Critical,0.9998,0.9998,0.9998,0,0,0,Remaining time vs overrun,Time overrun,Months remaining
N16000400,Critical,0.9998,0.9998,0.9998,0,0,0,Remaining time vs overrun,Time overrun,Months remaining
N16000401,Critical,0.9999,0.9999,0.9999,0,0,0,Remaining time vs overrun,Months remaining,Time overrun
N16000402,Critical,0.9998,0.9998,0.9998,0,0,0,Remaining time vs overrun,Time overrun,Previous expenditure ratio
N16000403,Critical,1.0,1.0,1.0,0,0,0,Remaining time vs overrun,Months remaining,Time overrun
N16000404,Critical,1.0,1.0,1.0,0,0,0,Remaining time vs overrun,Previous expenditure ratio,Months remaining
N16000405,Critical,0.9999,0.9999,0.9999,0,0,0,Remaining time vs overrun,Months remaining,Time overrun
N16000406,Critical,0.9998,0.9998,0.9998,0,0,0,Remaining time vs overrun,Time overrun,Months remaining
N16000407,Critical,0.9999,0.9999,0.9999,0,0,0,Remaining time vs overrun,Months remaining,Time overrun
N16000408,Critical,0.9999,0.9999,0.9999,0,0,0,Remaining time vs overrun,Months remaining,Time overrun
N16000409,Critical,0.9999,0.9999,0.9999,0,0,0,Remaining time vs overrun,Time overrun,State
N16000410,Critical,0.9991,0.9991,0.9991,0,0,0,Remaining time vs overrun,Months remaining,Time overrun
N16000411,Critical,0.9999,0.9999,0.9999,0,0,0,Remaining time vs overrun,Time overrun,Months remaining
N16000412,Critical,1.0,1.0,1.0,0,0,0,Remaining time vs overrun,Time overrun,Anticipated cost
N16000413,Critical,0.9999,0.9999,0.9999,0,0,0,Remaining time vs overrun,Months remaining,Time overrun
N16000414,Critical,0.9999,0.9999,0.9999,0,0,0,Remaining time vs overrun,Time overrun,Cumulative expenditure
N16000415,Critical,0.9999,0.9999,0.9999,0,0,0,Time overrun,Remaining time vs overrun,Original cost
N16000416,Critical,0.9921,0.9921,0.9921,0,0,0,Remaining time vs overrun,Time overrun,State
N16000417,Critical,0.9999,0.9999,0.9999,0,0,0,Time overrun,Remaining time vs overrun,Original cost
N16000418,Low,0.0141,0.9859,0,0,0,0.0141,Remaining time vs overrun,Time overrun,Months remaining
N16000419,Low,0.0067,0.9933,0,0,0,0.0067,Remaining time vs overrun,Time overrun,Months remaining
N16000420,Critical,0.9992,0.9992,0.9992,0,0,0,Time overrun,Remaining time vs overrun,Months remaining
N16000421,Critical,0.9929,0.9929,0.9929,0,0,0,Remaining time vs overrun,Time overrun,Months remaining
N16000422,Critical,0.9979,0.9979,0.9979,0,0,0,Time overrun,Months remaining,State
N16000423,Critical,0.9797,0.9797,0.9797,0,0,0,Remaining time vs overrun,Time overrun,Original cost
N16000424,Critical,0.9991,0.9991,0.9991,0,0,0,Time overrun,Remaining time vs overrun,State
N16000425,Critical,0.9998,0.9998,0.9998,0,0,0,Time overrun,Remaining time vs overrun,State
N16000426,Critical,0.9942,0.9942,0.9942,0,0,0,Remaining time vs overrun,Time overrun,3-month expenditure change
N16000427,Critical,0.9892,0.9892,0.9892,0,0,0,Months remaining,Time overrun,Remaining time vs overrun
N16000428,Critical,0.9994,0.9994,0.9994,0,0,0,Remaining time vs overrun,Time overrun,Previous expenditure ratio
N16000429,Critical,0.9999,0.9999,0.9999,0,0,0,Remaining time vs overrun,Time overrun,Months remaining
N16000430,Critical,1.0,1.0,1.0,0,0,0,Remaining time vs overrun,Time overrun,Anticipated cost
N16000431,Medium,0.3651,0.6349,0,0,0.3651,0,Remaining time vs overrun,Time overrun,Original cost
N16000432,Critical,0.9998,0.9998,0.9998,0,0,0,Remaining time vs overrun,Original cost,Time overrun
N16000433,Critical,1.0,1.0,1.0,0,0,0,Remaining time vs overrun,Time overrun,Months remaining
N16000434,Critical,0.9997,0.9997,0.9997,0,0,0,Months remaining,Remaining time vs overrun,Time overrun
N16000435,Critical,0.9999,0.9999,0.9999,0,0,0,Remaining time vs overrun,Time overrun,Anticipated cost
N16000436,Critical,1.0,1.0,1.0,0,0,0,Remaining time vs overrun,Months remaining,Time overrun
N16000437,Critical,0.9991,0.9991,0.9991,0,0,0,Remaining time vs overrun,Time overrun,State
N16000438,Critical,0.9998,0.9998,0.9998,0,0,0,Remaining time vs overrun,Time overrun,Months remaining
N16000439,Critical,0.9992,0.9992,0.9992,0,0,0,Remaining time vs overrun,Time overrun,State
N16000440,Critical,0.9997,0.9997,0.9997,0,0,0,Remaining time vs overrun,Time overrun,Months remaining
N16000441,Critical,0.9381,0.9381,0.9381,0,0,0,Remaining time vs overrun,Time overrun,Months remaining
N16000442,Critical,0.9999,0.9999,0.9999,0,0,0,Remaining time vs overrun,Months remaining,Time overrun
N16000443,Medium,0.276,0.724,0,0,0.276,0,Remaining time vs overrun,Time overrun,Cumulative expenditure
N16000444,Critical,0.9997,0.9997,0.9997,0,0,0,Remaining time vs overrun,Time overrun,State
N16000445,Critical,0.9997,0.9997,0.9997,0,0,0,Remaining time vs overrun,Time overrun,State
N16000446,Critical,1.0,1.0,1.0,0,0,0,Remaining time vs overrun,Time overrun,Months remaining
N16000447,Low,0.0519,0.9480999999999999,0,0,0,0.0519,Remaining time vs overrun,Time overrun,Original cost
N16000449,Critical,0.9999,0.9999,0.9999,0,0,0,Remaining time vs overrun,Months remaining,Time overrun
N16000450,Critical,0.9998,0.9998,0.9998,0,0,0,Remaining time vs overrun,Time overrun,Months remaining
N16000451,Critical,0.9997,0.9997,0.9997,0,0,0,Remaining time vs overrun,Months remaining,Time overrun
N16000452,Critical,0.9999,0.9999,0.9999,0,0,0,Remaining time vs overrun,Time overrun,Months remaining
N16000453,Critical,0.9995,0.9995,0.9995,0,0,0,Remaining time vs overrun,Time overrun,State
N16000454,Critical,0.9999,0.9999,0.9999,0,0,0,Remaining time vs overrun,Months remaining,Time overrun
N16000455,Critical,0.9993,0.9993,0.9993,0,0,0,Remaining time vs overrun,Time overrun,Months remaining
N16000456,Critical,0.9997,0.9997,0.9997,0,0,0,Remaining time vs overrun,Time overrun,State
N16000457,Critical,0.9993,0.9993,0.9993,0,0,0,Time overrun,Remaining time vs overrun,State
N16000458,Critical,0.9999,0.9999,0.9999,0,0,0,Remaining time vs overrun,Time overrun,State
N16000459,Low,0.0101,0.9899,0,0,0,0.0101,Remaining time vs overrun,Time overrun,Months remaining
N16000460,Low,0.01,0.99,0,0,0,0.01,Remaining time vs overrun,Time overrun,Months remaining
N16000461,Low,0.0026,0.9974,0,0,0,0.0026,Remaining time vs overrun,Time overrun,Months remaining
N16000462,Low,0.0146,0.9854,0,0,0,0.0146,Remaining time vs overrun,Time overrun,Sector
N16000463,Low,0.0201,0.9799,0,0,0,0.0201,Remaining time vs overrun,Time overrun,Sector
N16000464,Low,0.0175,0.9825,0,0,0,0.0175,Remaining time vs overrun,Time overrun,Sector
N16000465,Low,0.0253,0.9747,0,0,0,0.0253,Remaining time vs overrun,Time overrun,Sector
N16000466,Low,0.0269,0.9731,0,0,0,0.0269,Remaining time vs overrun,Time overrun,Months remaining
N16000467,Low,0.0083,0.9917,0,0,0,0.0083,Remaining time vs overrun,Time overrun,Sector
N16000468,Low,0.0049,0.9951,0,0,0,0.0049,Remaining time vs overrun,Time overrun,Sector
N16000469,Critical,0.9999,0.9999,0.9999,0,0,0,Remaining time vs overrun,Months remaining,Time overrun
N16000470,Critical,0.9997,0.9997,0.9997,0,0,0,Time overrun,Remaining time vs overrun,Anticipated cost
N16000471,Low,0.0823,0.9177,0,0,0,0.0823,Remaining time vs overrun,Time overrun,Anticipated cost
N16000472,Low,0.0126,0.9874,0,0,0,0.0126,Remaining time vs overrun,Time overrun,Sector
N16000473,Low,0.0083,0.9917,0,0,0,0.0083,Remaining time vs overrun,Time overrun,Months remaining
N16000474,Low,0.0031,0.9969,0,0,0,0.0031,Remaining time vs overrun,Time overrun,Sector
N16000475,Critical,0.9999,0.9999,0.9999,0,0,0,Remaining time vs overrun,Months remaining,Time overrun
N16000476,Critical,0.9996,0.9996,0.9996,0,0,0,Months remaining,Remaining time vs overrun,Time overrun
N16000477,Critical,0.9998,0.9998,0.9998,0,0,0,Remaining time vs overrun,Time overrun,State
N16000478,High,0.5324,0.5324,0,0.5324,0,0,Remaining time vs overrun,Time overrun,Months remaining
N16000479,Critical,0.9972,0.9972,0.9972,0,0,0,Remaining time vs overrun,Months remaining,Time overrun
N16000480,Low,0.0731,0.9269000000000001,0,0,0,0.0731,Remaining time vs overrun,Time overrun,State
N16000481,Low,0.0081,0.9919,0,0,0,0.0081,Remaining time vs overrun,Time overrun,Months remaining
N16000482,Critical,1.0,1.0,1.0,0,0,0,Remaining time vs overrun,Time overrun,Months remaining
N16000483,Critical,1.0,1.0,1.0,0,0,0,Remaining time vs overrun,Months remaining,Time overrun
N16000484,Low,0.0397,0.9603,0,0,0,0.0397,Remaining time vs overrun,Time overrun,Original cost
N16000485,Low,0.008,0.992,0,0,0,0.008,Remaining time vs overrun,Time overrun,Months remaining
N16000486,Critical,0.9923,0.9923,0.9923,0,0,0,Time overrun,Remaining time vs overrun,State
N16000487,Critical,0.9997,0.9997,0.9997,0,0,0,Time overrun,Remaining time vs overrun,State
N16000488,Critical,0.9974,0.9974,0.9974,0,0,0,Time overrun,Original cost,Anticipated cost
N16000489,Critical,0.9968,0.9968,0.9968,0,0,0,Time overrun,Remaining time vs overrun,State
N16000490,Critical,0.9985,0.9985,0.9985,0,0,0,Time overrun,Remaining time vs overrun,Anticipated cost
N16000491,Critical,0.9978,0.9978,0.9978,0,0,0,Time overrun,Remaining time vs overrun,Months remaining
N16000492,Critical,0.998,0.998,0.998,0,0,0,Time overrun,Remaining time vs overrun,State
N16000493,Critical,0.9967,0.9967,0.9967,0,0,0,Months remaining,Remaining time vs overrun,Time overrun
N16000494,Low,0.009,0.991,0,0,0,0.009,Remaining time vs overrun,Time overrun,Months remaining
N16000495,Critical,0.9864,0.9864,0.9864,0,0,0,Time overrun,Remaining time vs overrun,Expenditure ratio
N16000496,Low,0.0025,0.9975,0,0,0,0.0025,Remaining time vs overrun,Time overrun,Months remaining
N16000497,Low,0.0068,0.9932,0,0,0,0.0068,Remaining time vs overrun,Time overrun,Months remaining
N16000498,Low,0.0038,0.9962,0,0,0,0.0038,Remaining time vs overrun,Time overrun,Months remaining
N16000499,Critical,0.9999,0.9999,0.9999,0,0,0,Remaining time vs overrun,Time overrun,State
N16000500,Critical,0.9997,0.9997,0.9997,0,0,0,Remaining time vs overrun,Months remaining,Time overrun
N16000501,Critical,1.0,1.0,1.0,0,0,0,Remaining time vs overrun,Months remaining,Time overrun
N16000502,Critical,1.0,1.0,1.0,0,0,0,Remaining time vs overrun,Months remaining,Time overrun
N16000503,Critical,0.9998,0.9998,0.9998,0,0,0,Remaining time vs overrun,Time overrun,State
N16000504,Critical,1.0,1.0,1.0,0,0,0,Remaining time vs overrun,Time overrun,State
N16000505,Critical,0.9996,0.9996,0.9996,0,0,0,Remaining time vs overrun,Time overrun,State
N16000506,Critical,0.9993,0.9993,0.9993,0,0,0,Time overrun,State,Remaining time vs overrun
N16000507,Critical,0.9976,0.9976,0.9976,0,0,0,Remaining time vs overrun,Time overrun,Months remaining
N16000508,Low,0.0283,0.9717,0,0,0,0.0283,Remaining time vs overrun,Time overrun,State
N16000509,Low,0.1304,0.8696,0,0,0,0.1304,Remaining time vs overrun,Time overrun,State
N16000510,Critical,0.9989,0.9989,0.9989,0,0,0,Remaining time vs overrun,Months remaining,Time overrun
N16000511,Critical,0.9997,0.9997,0.9997,0,0,0,Remaining time vs overrun,Time overrun,State
N16000512,Low,0.0066,0.9934,0,0,0,0.0066,Remaining time vs overrun,Time overrun,Months remaining
N16000513,Critical,1.0,1.0,1.0,0,0,0,Remaining time vs overrun,Months remaining,Time overrun
N16000514,Low,0.0659,0.9341,0,0,0,0.0659,Remaining time vs overrun,Time overrun,Anticipated cost
N16000515,Critical,1.0,1.0,1.0,0,0,0,Remaining time vs overrun,Months remaining,Cost variance
N16000516,Low,0.0485,0.9515,0,0,0,0.0485,Remaining time vs overrun,Time overrun,State
N16000517,Low,0.0955,0.9045,0,0,0,0.0955,Remaining time vs overrun,Time overrun,State
N16000518,Low,0.0206,0.9794,0,0,0,0.0206,Remaining time vs overrun,Time overrun,Months remaining
N16000519,Low,0.0546,0.9454,0,0,0,0.0546,Remaining time vs overrun,Time overrun,Months remaining
N16000520,Low,0.0132,0.9868,0,0,0,0.0132,Remaining time vs overrun,Time overrun,Months remaining
N16000521,Low,0.0185,0.9815,0,0,0,0.0185,Remaining time vs overrun,Time overrun,Months remaining
N16000522,Low,0.0038,0.9962,0,0,0,0.0038,Remaining time vs overrun,Time overrun,Months remaining
N16000523,Low,0.0432,0.9568,0,0,0,0.0432,Remaining time vs overrun,Time overrun,Months remaining
N16000524,Low,0.0233,0.9767,0,0,0,0.0233,Remaining time vs overrun,Time overrun,Months remaining
N16000525,Low,0.1105,0.8895,0,0,0,0.1105,Remaining time vs overrun,Time overrun,Previous expenditure ratio
N16000526,Low,0.1938,0.8062,0,0,0,0.1938,Remaining time vs overrun,Time overrun,Cost variance
N16000527,Critical,0.9994,0.9994,0.9994,0,0,0,Time overrun,Remaining time vs overrun,State
N16000528,Low,0.0379,0.9621,0,0,0,0.0379,Remaining time vs overrun,Time overrun,State
N16000529,Low,0.0124,0.9876,0,0,0,0.0124,Remaining time vs overrun,Time overrun,Months remaining
N16000530,Low,0.0353,0.9647,0,0,0,0.0353,Remaining time vs overrun,Time overrun,Months remaining
N16000531,Low,0.0318,0.9682,0,0,0,0.0318,Remaining time vs overrun,Time overrun,State
N16000532,Low,0.0063,0.9937,0,0,0,0.0063,Remaining time vs overrun,Time overrun,Previous expenditure ratio
N16000533,Medium,0.4672,0.5327999999999999,0,0,0.4672,0,Remaining time vs overrun,Time overrun,Expenditure ratio
N16000534,Low,0.0542,0.9458,0,0,0,0.0542,Remaining time vs overrun,Time overrun,State
N16000535,Low,0.0056,0.9944,0,0,0,0.0056,Remaining time vs overrun,Time overrun,State
N16000536,Low,0.0179,0.9821,0,0,0,0.0179,Remaining time vs overrun,Time overrun,State
N16000537,Medium,0.3007,0.6993,0,0,0.3007,0,Remaining time vs overrun,Time overrun,Original cost
N16000538,Low,0.1338,0.8662,0,0,0,0.1338,Remaining time vs overrun,Time overrun,State
N16000539,Low,0.0066,0.9934,0,0,0,0.0066,Remaining time vs overrun,Time overrun,Months remaining
N16000540,Low,0.0421,0.9579,0,0,0,0.0421,Remaining time vs overrun,Time overrun,Previous expenditure ratio
N18000010,Critical,1.0,1.0,1.0,0,0,0,Remaining time vs overrun,Time overrun,Months remaining
N18000014,Critical,0.9997,0.9997,0.9997,0,0,0,Remaining time vs overrun,Time overrun,3-month expenditure change
N18000035,Critical,0.9999,0.9999,0.9999,0,0,0,Remaining time vs overrun,Time overrun,Months remaining
N18000042,Critical,0.9999,0.9999,0.9999,0,0,0,Remaining time vs overrun,Time overrun,Anticipated cost
N18000061,Critical,1.0,1.0,1.0,0,0,0,Remaining time vs overrun,Months remaining,Time overrun
N18000066,Critical,0.9999,0.9999,0.9999,0,0,0,Remaining time vs overrun,Time overrun,Previous expenditure ratio
N18000109,Critical,1.0,1.0,1.0,0,0,0,Remaining time vs overrun,Time overrun,Previous expenditure ratio
N18000140,Critical,1.0,1.0,1.0,0,0,0,Remaining time vs overrun,Time overrun,Previous expenditure ratio
N18000142,Critical,0.9997,0.9997,0.9997,0,0,0,Remaining time vs overrun,Months remaining,Time overrun
N18000151,Critical,1.0,1.0,1.0,0,0,0,Remaining time vs overrun,Months remaining,Time overrun
N18000155,Critical,1.0,1.0,1.0,0,0,0,Remaining time vs overrun,Time overrun,Months remaining
N18000157,Critical,0.9999,0.9999,0.9999,0,0,0,Remaining time vs overrun,Time overrun,Months remaining
N18000158,Critical,0.9996,0.9996,0.9996,0,0,0,Remaining time vs overrun,Months remaining,Time overrun
N18000164,Critical,1.0,1.0,1.0,0,0,0,Remaining time vs overrun,Months remaining,Time overrun
N18000168,Critical,0.9999,0.9999,0.9999,0,0,0,Remaining time vs overrun,Months remaining,Time overrun
N18000171,Critical,0.9998,0.9998,0.9998,0,0,0,Remaining time vs overrun,Months remaining,Time overrun
N18000172,Critical,0.9998,0.9998,0.9998,0,0,0,Remaining time vs overrun,Time overrun,3-month expenditure change
N18000175,Critical,1.0,1.0,1.0,0,0,0,Remaining time vs overrun,Months remaining,Time overrun
N18000176,Critical,1.0,1.0,1.0,0,0,0,Remaining time vs overrun,Months remaining,Time overrun
N18000177,Critical,1.0,1.0,1.0,0,0,0,Remaining time vs overrun,Months remaining,Time overrun
N18000178,Critical,0.9999,0.9999,0.9999,0,0,0,Remaining time vs overrun,Time overrun,Cost variance
N18000180,Critical,1.0,1.0,1.0,0,0,0,Remaining time vs overrun,Time overrun,Months remaining
N18000181,Critical,0.9999,0.9999,0.9999,0,0,0,Remaining time vs overrun,Months remaining,Time overrun
N18000182,Critical,0.9999,0.9999,0.9999,0,0,0,Remaining time vs overrun,Time overrun,Months remaining
N18000184,Critical,0.9998,0.9998,0.9998,0,0,0,Remaining time vs overrun,Months remaining,Time overrun
N18000188,Critical,0.9999,0.9999,0.9999,0,0,0,Remaining time vs overrun,Months remaining,Time overrun
N18000189,Critical,1.0,1.0,1.0,0,0,0,Remaining time vs overrun,Time overrun,Previous expenditure ratio
N18000190,Critical,1.0,1.0,1.0,0,0,0,Remaining time vs overrun,Months remaining,Time overrun
N18000192,Critical,1.0,1.0,1.0,0,0,0,Remaining time vs overrun,Time overrun,Months remaining
N18000193,Critical,1.0,1.0,1.0,0,0,0,Remaining time vs overrun,Months remaining,Time overrun
N18000194,Critical,1.0,1.0,1.0,0,0,0,Remaining time vs overrun,Time overrun,Anticipated cost
N18000205,Critical,0.9999,0.9999,0.9999,0,0,0,Remaining time vs overrun,Time overrun,Previous expenditure ratio
N18000212,Critical,1.0,1.0,1.0,0,0,0,Remaining time vs overrun,Months remaining,Time overrun
N18000213,Critical,0.9999,0.9999,0.9999,0,0,0,Remaining time vs overrun,Time overrun,Months remaining
N18000214,Critical,0.9997,0.9997,0.9997,0,0,0,Remaining time vs overrun,Time overrun,Months remaining
N18000218,Critical,0.9999,0.9999,0.9999,0,0,0,Remaining time vs overrun,Months remaining,Time overrun
N18000219,Critical,1.0,1.0,1.0,0,0,0,Remaining time vs overrun,Months remaining,Time overrun
N18000222,Critical,0.9872,0.9872,0.9872,0,0,0,Months remaining,Remaining time vs overrun,Time overrun
N18000223,Critical,0.9996,0.9996,0.9996,0,0,0,Remaining time vs overrun,Months remaining,Time overrun
N18000227,Critical,0.9999,0.9999,0.9999,0,0,0,Remaining time vs overrun,Months remaining,Time overrun
N18000233,Critical,0.9998,0.9998,0.9998,0,0,0,Remaining time vs overrun,Months remaining,Time overrun
N18000235,Critical,0.9996,0.9996,0.9996,0,0,0,Remaining time vs overrun,Time overrun,Months remaining
N18000236,Critical,0.9991,0.9991,0.9991,0,0,0,Remaining time vs overrun,Months remaining,Time overrun
N18000238,Critical,0.9994,0.9994,0.9994,0,0,0,Remaining time vs overrun,Months remaining,Time overrun
N18000239,Critical,0.9998,0.9998,0.9998,0,0,0,Remaining time vs overrun,Months remaining,Time overrun
N18000240,Critical,0.9998,0.9998,0.9998,0,0,0,Remaining time vs overrun,Months remaining,Time overrun
N18000241,Critical,0.9979,0.9979,0.9979,0,0,0,Remaining time vs overrun,Time overrun,Months remaining
N18000242,Critical,0.9998,0.9998,0.9998,0,0,0,Remaining time vs overrun,Months remaining,Time overrun
N18000244,Critical,0.9999,0.9999,0.9999,0,0,0,Remaining time vs overrun,Months remaining,Time overrun
N18000245,Critical,0.9995,0.9995,0.9995,0,0,0,Remaining time vs overrun,Time overrun,Months remaining
N18000247,Critical,0.9999,0.9999,0.9999,0,0,0,Remaining time vs overrun,Months remaining,Time overrun
N18000248,Critical,0.9995,0.9995,0.9995,0,0,0,Remaining time vs overrun,Months remaining,Time overrun
N18000249,Critical,1.0,1.0,1.0,0,0,0,Remaining time vs overrun,Time overrun,Anticipated cost
N18000250,Critical,1.0,1.0,1.0,0,0,0,Remaining time vs overrun,Time overrun,Months remaining
N18000252,Critical,1.0,1.0,1.0,0,0,0,Remaining time vs overrun,Months remaining,Time overrun
N18000257,Critical,1.0,1.0,1.0,0,0,0,Remaining time vs overrun,Months remaining,Time overrun
N18000258,Critical,0.9999,0.9999,0.9999,0,0,0,Remaining time vs overrun,Months remaining,Time overrun
N18000261,Critical,1.0,1.0,1.0,0,0,0,Remaining time vs overrun,Months remaining,Time overrun
N18000262,Critical,0.9996,0.9996,0.9996,0,0,0,Remaining time vs overrun,Months remaining,Time overrun
N18000263,Critical,1.0,1.0,1.0,0,0,0,Remaining time vs overrun,Time overrun,Months remaining
N18000264,Critical,0.9999,0.9999,0.9999,0,0,0,Remaining time vs overrun,Time overrun,Cost variance
N18000265,Critical,1.0,1.0,1.0,0,0,0,Remaining time vs overrun,Time overrun,Months remaining
N18000266,Critical,0.9997,0.9997,0.9997,0,0,0,Remaining time vs overrun,Months remaining,Time overrun
N18000267,Critical,0.9996,0.9996,0.9996,0,0,0,Remaining time vs overrun,Months remaining,Time overrun
N18000268,Critical,0.9998,0.9998,0.9998,0,0,0,Remaining time vs overrun,Months remaining,Time overrun
N18000269,Critical,1.0,1.0,1.0,0,0,0,Remaining time vs overrun,Months remaining,Time overrun
N18000272,Critical,1.0,1.0,1.0,0,0,0,Remaining time vs overrun,Time overrun,Months remaining
N18000273,Critical,0.9992,0.9992,0.9992,0,0,0,Remaining time vs overrun,Months remaining,Time overrun
N18000274,Critical,0.9998,0.9998,0.9998,0,0,0,Remaining time vs overrun,Months remaining,Time overrun
N18000275,Critical,1.0,1.0,1.0,0,0,0,Remaining time vs overrun,Time overrun,Previous expenditure ratio
N18000276,Critical,1.0,1.0,1.0,0,0,0,Remaining time vs overrun,Time overrun,Months remaining
N18000277,Critical,0.9999,0.9999,0.9999,0,0,0,Original cost,Remaining time vs overrun,Time overrun
N18000278,Critical,0.9999,0.9999,0.9999,0,0,0,Remaining time vs overrun,Time overrun,State
N18000279,Critical,0.9999,0.9999,0.9999,0,0,0,Remaining time vs overrun,Time overrun,State
N18000280,Critical,0.9999,0.9999,0.9999,0,0,0,Remaining time vs overrun,Months remaining,Time overrun
N18000281,Critical,1.0,1.0,1.0,0,0,0,Remaining time vs overrun,Months remaining,Time overrun
N18000282,Critical,1.0,1.0,1.0,0,0,0,Remaining time vs overrun,Months remaining,Time overrun
N18000283,Critical,0.9999,0.9999,0.9999,0,0,0,Remaining time vs overrun,Months remaining,Time overrun
N18000284,Critical,0.9998,0.9998,0.9998,0,0,0,Remaining time vs overrun,Time overrun,Months remaining
N18000285,Critical,0.9999,0.9999,0.9999,0,0,0,Remaining time vs overrun,Months remaining,Time overrun
N18000286,Critical,0.9999,0.9999,0.9999,0,0,0,Remaining time vs overrun,Months remaining,Time overrun
N18000287,Critical,1.0,1.0,1.0,0,0,0,Remaining time vs overrun,Months remaining,Time overrun
N18000288,Critical,0.9999,0.9999,0.9999,0,0,0,Remaining time vs overrun,Months remaining,Time overrun
N18000289,Critical,0.9999,0.9999,0.9999,0,0,0,Remaining time vs overrun,Months remaining,Time overrun
N18000290,Critical,1.0,1.0,1.0,0,0,0,Remaining time vs overrun,Months remaining,Time overrun
N18000291,Critical,0.9998,0.9998,0.9998,0,0,0,Remaining time vs overrun,Time overrun,State
N18000292,Critical,0.9979,0.9979,0.9979,0,0,0,Remaining time vs overrun,Time overrun,Months remaining
N18000293,Critical,1.0,1.0,1.0,0,0,0,Remaining time vs overrun,Months remaining,Time overrun
N18000294,Critical,1.0,1.0,1.0,0,0,0,Remaining time vs overrun,Time overrun,Months remaining
N18000295,Critical,1.0,1.0,1.0,0,0,0,Remaining time vs overrun,Time overrun,State
N18000296,Critical,1.0,1.0,1.0,0,0,0,Remaining time vs overrun,Time overrun,Months remaining
N18000297,Critical,1.0,1.0,1.0,0,0,0,Remaining time vs overrun,Time overrun,Previous expenditure ratio
N18000298,Critical,0.9999,0.9999,0.9999,0,0,0,Remaining time vs overrun,Time overrun,Months remaining
N18000299,Critical,0.9998,0.9998,0.9998,0,0,0,Remaining time vs overrun,Months remaining,Time overrun
N18000300,Critical,0.9999,0.9999,0.9999,0,0,0,Remaining time vs overrun,Months remaining,Time overrun
N18000301,Critical,1.0,1.0,1.0,0,0,0,Remaining time vs overrun,Months remaining,Time overrun
N18000302,Critical,0.9999,0.9999,0.9999,0,0,0,Remaining time vs overrun,Months remaining,Time overrun
N18000303,Critical,0.9998,0.9998,0.9998,0,0,0,Remaining time vs overrun,Months remaining,Time overrun
N18000304,Critical,0.9999,0.9999,0.9999,0,0,0,Remaining time vs overrun,Months remaining,Time overrun
N18000305,Critical,1.0,1.0,1.0,0,0,0,Remaining time vs overrun,Time overrun,Months remaining
N18000306,Critical,1.0,1.0,1.0,0,0,0,Remaining time vs overrun,Months remaining,Time overrun
N18000307,Critical,1.0,1.0,1.0,0,0,0,Remaining time vs overrun,Months remaining,Time overrun
N18000308,Critical,0.9998,0.9998,0.9998,0,0,0,Remaining time vs overrun,Months remaining,Time overrun
N18000309,Critical,0.9988,0.9988,0.9988,0,0,0,Remaining time vs overrun,Time overrun,Months remaining
N18000310,Critical,0.9987,0.9987,0.9987,0,0,0,Remaining time vs overrun,Months remaining,Time overrun
N18000311,Critical,0.9991,0.9991,0.9991,0,0,0,Remaining time vs overrun,Months remaining,Time overrun
N18000312,Critical,0.9997,0.9997,0.9997,0,0,0,Remaining time vs overrun,Months remaining,Time overrun
N18000313,Critical,0.9999,0.9999,0.9999,0,0,0,Remaining time vs overrun,Months remaining,Time overrun
N18000314,Critical,1.0,1.0,1.0,0,0,0,Remaining time vs overrun,Cost variance,Months remaining
N18000315,Critical,0.9998,0.9998,0.9998,0,0,0,Remaining time vs overrun,Months remaining,Time overrun
N18000316,Critical,0.9997,0.9997,0.9997,0,0,0,Original cost,Remaining time vs overrun,Time overrun
N18000317,Critical,0.9999,0.9999,0.9999,0,0,0,Remaining time vs overrun,Original cost,Time overrun
N18000318,Critical,0.9988,0.9988,0.9988,0,0,0,Remaining time vs overrun,Months remaining,Time overrun
N18000319,Critical,1.0,1.0,1.0,0,0,0,Remaining time vs overrun,Months remaining,Time overrun
N18000320,Critical,0.9998,0.9998,0.9998,0,0,0,Remaining time vs overrun,Time overrun,Months remaining
N18000321,Critical,0.9999,0.9999,0.9999,0,0,0,Remaining time vs overrun,Time overrun,Months remaining
N18000322,Critical,0.9999,0.9999,0.9999,0,0,0,Remaining time vs overrun,Months remaining,Time overrun
N18000323,Critical,0.9998,0.9998,0.9998,0,0,0,Remaining time vs overrun,Original cost,Time overrun
N18000324,Critical,0.9999,0.9999,0.9999,0,0,0,Time overrun,Remaining time vs overrun,State
N18000325,Critical,0.9998,0.9998,0.9998,0,0,0,Remaining time vs overrun,Time overrun,Anticipated cost
N18000326,Critical,0.9999,0.9999,0.9999,0,0,0,Remaining time vs overrun,Time overrun,Cost variance
N18000327,Critical,1.0,1.0,1.0,0,0,0,Remaining time vs overrun,Months remaining,Time overrun
N18000328,Critical,0.9992,0.9992,0.9992,0,0,0,Remaining time vs overrun,Months remaining,Time overrun
N18000329,Critical,0.9998,0.9998,0.9998,0,0,0,Remaining time vs overrun,Months remaining,Time overrun
N18000330,Critical,0.9992,0.9992,0.9992,0,0,0,Remaining time vs overrun,Time overrun,Months remaining
N18000331,Critical,0.9997,0.9997,0.9997,0,0,0,Remaining time vs overrun,Months remaining,Time overrun
N18000332,Critical,0.9999,0.9999,0.9999,0,0,0,Remaining time vs overrun,Months remaining,Time overrun
N18000334,Critical,0.9999,0.9999,0.9999,0,0,0,Remaining time vs overrun,Previous expenditure ratio,Time overrun
N18000335,Critical,0.9999,0.9999,0.9999,0,0,0,Remaining time vs overrun,Time overrun,State
N18000336,Critical,0.9998,0.9998,0.9998,0,0,0,Remaining time vs overrun,Time overrun,Months remaining
N18000337,Critical,0.9995,0.9995,0.9995,0,0,0,Remaining time vs overrun,Time overrun,Months remaining
N18000338,Critical,0.9989,0.9989,0.9989,0,0,0,Remaining time vs overrun,Months remaining,Time overrun
N18000339,Critical,0.9998,0.9998,0.9998,0,0,0,Remaining time vs overrun,Months remaining,State
N18000340,Critical,0.9569,0.9569,0.9569,0,0,0,Months remaining,Time overrun,Remaining time vs overrun
N18000341,Critical,0.9997,0.9997,0.9997,0,0,0,Remaining time vs overrun,Months remaining,Time overrun
N18000342,Critical,1.0,1.0,1.0,0,0,0,Remaining time vs overrun,Months remaining,Time overrun
N18000343,Low,0.2021,0.7979,0,0,0,0.2021,Remaining time vs overrun,Time overrun,Months remaining
N18000344,Critical,0.9999,0.9999,0.9999,0,0,0,Time overrun,Remaining time vs overrun,State
N18000345,Critical,0.9997,0.9997,0.9997,0,0,0,Remaining time vs overrun,Time overrun,State
N18000346,Critical,0.9998,0.9998,0.9998,0,0,0,Remaining time vs overrun,Time overrun,Months remaining
N18000347,Critical,0.9997,0.9997,0.9997,0,0,0,Remaining time vs overrun,Time overrun,Months remaining
N18000348,Critical,1.0,1.0,1.0,0,0,0,Remaining time vs overrun,Time overrun,Months remaining
N18000349,Critical,0.9998,0.9998,0.9998,0,0,0,Remaining time vs overrun,Time overrun,State
N18000350,Critical,0.9999,0.9999,0.9999,0,0,0,Remaining time vs overrun,Months remaining,Time overrun
N18000351,Low,0.0676,0.9324,0,0,0,0.0676,Remaining time vs overrun,Time overrun,Original cost
N18000352,Critical,0.9997,0.9997,0.9997,0,0,0,Remaining time vs overrun,Months remaining,Time overrun
N18000353,Critical,0.9988,0.9988,0.9988,0,0,0,Remaining time vs overrun,Months remaining,Time overrun
N18000354,Critical,0.9999,0.9999,0.9999,0,0,0,Remaining time vs overrun,Months remaining,Time overrun
N18000355,Critical,0.9997,0.9997,0.9997,0,0,0,Remaining time vs overrun,Months remaining,Time overrun
N18000356,Critical,0.9999,0.9999,0.9999,0,0,0,Remaining time vs overrun,Months remaining,Time overrun
N18000357,Critical,0.9999,0.9999,0.9999,0,0,0,Remaining time vs overrun,Months remaining,Time overrun
N18000358,Critical,0.9999,0.9999,0.9999,0,0,0,Remaining time vs overrun,Months remaining,Time overrun
N18000359,Critical,0.9996,0.9996,0.9996,0,0,0,Remaining time vs overrun,Months remaining,Time overrun
N18000360,Critical,0.9999,0.9999,0.9999,0,0,0,Remaining time vs overrun,Time overrun,Months remaining
N18000361,Critical,0.9999,0.9999,0.9999,0,0,0,Remaining time vs overrun,Time overrun,Months remaining
N18000362,Low,0.0097,0.9903,0,0,0,0.0097,Remaining time vs overrun,Time overrun,Months remaining
N18000363,Critical,0.9998,0.9998,0.9998,0,0,0,Time overrun,Remaining time vs overrun,State
N18000364,Critical,0.9999,0.9999,0.9999,0,0,0,Time overrun,Remaining time vs overrun,Anticipated cost
N18000365,Critical,0.9997,0.9997,0.9997,0,0,0,Remaining time vs overrun,Time overrun,State
N18000366,Critical,0.9999,0.9999,0.9999,0,0,0,Remaining time vs overrun,Time overrun,State
N18000367,Critical,0.9996,0.9996,0.9996,0,0,0,Remaining time vs overrun,Time overrun,3-month expenditure change
N18000368,Critical,0.9998,0.9998,0.9998,0,0,0,Remaining time vs overrun,Time overrun,Months remaining
N18000369,Critical,0.9978,0.9978,0.9978,0,0,0,Remaining time vs overrun,Time overrun,Months remaining
N18000370,Critical,0.9999,0.9999,0.9999,0,0,0,Remaining time vs overrun,Months remaining,Time overrun
N18000371,Critical,0.9998,0.9998,0.9998,0,0,0,Remaining time vs overrun,Months remaining,Time overrun
N18000372,Critical,0.9999,0.9999,0.9999,0,0,0,Remaining time vs overrun,Months remaining,Time overrun
N18000373,Critical,0.9991,0.9991,0.9991,0,0,0,Remaining time vs overrun,Months remaining,Time overrun
N18000374,Critical,0.9995,0.9995,0.9995,0,0,0,Remaining time vs overrun,Months remaining,Time overrun
N18000375,Critical,0.9986,0.9986,0.9986,0,0,0,Remaining time vs overrun,Time overrun,Previous expenditure ratio
N18000376,Critical,0.9992,0.9992,0.9992,0,0,0,Remaining time vs overrun,Months remaining,Time overrun
N18000377,Critical,0.9978,0.9978,0.9978,0,0,0,Remaining time vs overrun,Time overrun,Months remaining
N18000378,Critical,0.9972,0.9972,0.9972,0,0,0,Remaining time vs overrun,Time overrun,Anticipated cost
N18000379,Critical,0.9905,0.9905,0.9905,0,0,0,Remaining time vs overrun,Months remaining,Time overrun
N18000380,Critical,0.9998,0.9998,0.9998,0,0,0,Remaining time vs overrun,Time overrun,State
N18000381,Low,0.0158,0.9842,0,0,0,0.0158,Remaining time vs overrun,Time overrun,Months remaining
N18000382,Low,0.0472,0.9528,0,0,0,0.0472,Remaining time vs overrun,Time overrun,Months remaining
N18000383,Critical,0.9953,0.9953,0.9953,0,0,0,Time overrun,Remaining time vs overrun,Months remaining
N18000384,Medium,0.2958,0.7041999999999999,0,0,0.2958,0,Remaining time vs overrun,Time overrun,Previous expenditure ratio
N18000385,Medium,0.3846,0.6154,0,0,0.3846,0,Remaining time vs overrun,Time overrun,Previous expenditure ratio
N18000386,Medium,0.4186,0.5813999999999999,0,0,0.4186,0,Remaining time vs overrun,Time overrun,Previous expenditure ratio
N18000387,High,0.5492,0.5492,0,0.5492,0,0,Remaining time vs overrun,Time overrun,Cumulative expenditure
N18000388,Medium,0.259,0.741,0,0,0.259,0,Remaining time vs overrun,Time overrun,3-month expenditure change
N18000389,Critical,0.9958,0.9958,0.9958,0,0,0,Time overrun,Months remaining,Remaining time vs overrun
N18000390,Low,0.0675,0.9325,0,0,0,0.0675,Remaining time vs overrun,Time overrun,State
N18000391,Medium,0.4722,0.5278,0,0,0.4722,0,Remaining time vs overrun,Time overrun,Original cost
N18000392,Medium,0.4044,0.5956,0,0,0.4044,0,Remaining time vs overrun,Time overrun,Previous expenditure ratio
N18000393,Low,0.1855,0.8145,0,0,0,0.1855,Remaining time vs overrun,Time overrun,Months remaining
N18000394,Low,0.1488,0.8512,0,0,0,0.1488,Remaining time vs overrun,Time overrun,Months remaining
N18000395,Critical,0.9885,0.9885,0.9885,0,0,0,Remaining time vs overrun,Original cost,Time overrun
N18000396,Low,0.065,0.935,0,0,0,0.065,Remaining time vs overrun,Time overrun,Anticipated cost
N18000397,Medium,0.4822,0.5178,0,0,0.4822,0,Remaining time vs overrun,Time overrun,Original cost
N18000398,Low,0.0566,0.9434,0,0,0,0.0566,Remaining time vs overrun,Time overrun,Original cost
N18000399,Medium,0.4742,0.5258,0,0,0.4742,0,Remaining time vs overrun,Time overrun,Previous expenditure ratio
N18000400,Medium,0.3741,0.6259,0,0,0.3741,0,Remaining time vs overrun,Time overrun,Previous expenditure ratio
N18000401,Low,0.2226,0.7774,0,0,0,0.2226,Remaining time vs overrun,Time overrun,Original cost
N18000402,Low,0.1075,0.8925,0,0,0,0.1075,Remaining time vs overrun,Time overrun,State
N18000403,Medium,0.4812,0.5187999999999999,0,0,0.4812,0,Remaining time vs overrun,Time overrun,Original cost
N18000404,Medium,0.3921,0.6079,0,0,0.3921,0,Remaining time vs overrun,Time overrun,Original cost
N18000405,Low,0.213,0.787,0,0,0,0.213,Remaining time vs overrun,Time overrun,Previous expenditure ratio
N18000406,Low,0.0435,0.9565,0,0,0,0.0435,Remaining time vs overrun,Time overrun,Expenditure ratio
N18000407,Critical,0.9994,0.9994,0.9994,0,0,0,Time overrun,Remaining time vs overrun,Original cost
N18000408,Critical,0.9984,0.9984,0.9984,0,0,0,Time overrun,Remaining time vs overrun,State
N18000409,Critical,0.9987,0.9987,0.9987,0,0,0,Time overrun,Remaining time vs overrun,State
N18000410,Critical,0.9995,0.9995,0.9995,0,0,0,Time overrun,Remaining time vs overrun,Previous expenditure ratio
N18000411,Critical,0.9983,0.9983,0.9983,0,0,0,Time overrun,Remaining time vs overrun,Previous expenditure ratio
N18000412,Critical,0.9996,0.9996,0.9996,0,0,0,Time overrun,Original cost,Remaining time vs overrun
N18000413,Critical,0.9993,0.9993,0.9993,0,0,0,Time overrun,Remaining time vs overrun,Original cost
N18000414,Critical,0.9994,0.9994,0.9994,0,0,0,Time overrun,Remaining time vs overrun,Original cost
N18000415,Critical,0.9992,0.9992,0.9992,0,0,0,Time overrun,Remaining time vs overrun,Previous expenditure ratio
N18000416,Critical,0.9987,0.9987,0.9987,0,0,0,Time overrun,Remaining time vs overrun,State
N18000417,Critical,0.9995,0.9995,0.9995,0,0,0,Time overrun,Remaining time vs overrun,Original cost
N18000419,Critical,0.9991,0.9991,0.9991,0,0,0,Time overrun,Remaining time vs overrun,Original cost
N18000420,Critical,0.9995,0.9995,0.9995,0,0,0,Time overrun,Remaining time vs overrun,Previous expenditure ratio
N18000421,Critical,0.9993,0.9993,0.9993,0,0,0,Time overrun,Remaining time vs overrun,Previous expenditure ratio
N18000422,Critical,0.9993,0.9993,0.9993,0,0,0,Time overrun,Remaining time vs overrun,Previous expenditure ratio
N18000423,Critical,0.9995,0.9995,0.9995,0,0,0,Time overrun,Remaining time vs overrun,Original cost
N20000001,Critical,1.0,1.0,1.0,0,0,0,Remaining time vs overrun,Sector,Time overrun
N20000002,Critical,1.0,1.0,1.0,0,0,0,Remaining time vs overrun,Sector,Months remaining
N21000003,Critical,1.0,1.0,1.0,0,0,0,Remaining time vs overrun,Time overrun,Months remaining
N21000008,Critical,1.0,1.0,1.0,0,0,0,Remaining time vs overrun,Time overrun,Months remaining
N21000009,Critical,1.0,1.0,1.0,0,0,0,Remaining time vs overrun,Time overrun,Months remaining
N21000010,Critical,1.0,1.0,1.0,0,0,0,Remaining time vs overrun,Time overrun,Months remaining
N21000011,Critical,1.0,1.0,1.0,0,0,0,Remaining time vs overrun,Months remaining,Time overrun
N21000012,Critical,1.0,1.0,1.0,0,0,0,Remaining time vs overrun,Original cost,Time overrun
N21000013,Critical,1.0,1.0,1.0,0,0,0,Remaining time vs overrun,Time overrun,Months remaining
N21000015,Critical,1.0,1.0,1.0,0,0,0,Remaining time vs overrun,Time overrun,Months remaining
N21000016,Critical,1.0,1.0,1.0,0,0,0,Remaining time vs overrun,Time overrun,Months remaining
N21000017,Critical,1.0,1.0,1.0,0,0,0,Remaining time vs overrun,Time overrun,Months remaining
N21000018,Critical,1.0,1.0,1.0,0,0,0,Remaining time vs overrun,Time overrun,Months remaining
N21000019,Critical,0.9999,0.9999,0.9999,0,0,0,Remaining time vs overrun,Time overrun,Original cost
N21000020,Critical,0.9996,0.9996,0.9996,0,0,0,Remaining time vs overrun,Time overrun,State
N21000021,Critical,0.999,0.999,0.999,0,0,0,Remaining time vs overrun,Time overrun,Project age
N21000022,Critical,0.9998,0.9998,0.9998,0,0,0,Remaining time vs overrun,Time overrun,State
N21000023,Critical,0.9997,0.9997,0.9997,0,0,0,Remaining time vs overrun,Time overrun,State
N21000024,Critical,0.9992,0.9992,0.9992,0,0,0,Time overrun,Remaining time vs overrun,Previous expenditure ratio
N21000025,Critical,1.0,1.0,1.0,0,0,0,Remaining time vs overrun,Months remaining,Time overrun
N21000026,Critical,1.0,1.0,1.0,0,0,0,Remaining time vs overrun,Months remaining,Time overrun
N21000027,Critical,1.0,1.0,1.0,0,0,0,Remaining time vs overrun,Months remaining,Time overrun
N21000028,Critical,1.0,1.0,1.0,0,0,0,Remaining time vs overrun,Months remaining,Time overrun
N21000029,Critical,1.0,1.0,1.0,0,0,0,Remaining time vs overrun,Months remaining,Time overrun
N21000030,Low,0.0038,0.9962,0,0,0,0.0038,Remaining time vs overrun,Time overrun,Months remaining
N21000031,Critical,0.9998,0.9998,0.9998,0,0,0,Remaining time vs overrun,Time overrun,Months remaining
N21000032,Critical,0.9999,0.9999,0.9999,0,0,0,Remaining time vs overrun,Time overrun,State
N21000033,Critical,0.9297,0.9297,0.9297,0,0,0,Remaining time vs overrun,Time overrun,Months remaining
N22000002,Critical,1.0,1.0,1.0,0,0,0,Remaining time vs overrun,Time overrun,Months remaining
N22000028,Critical,0.9999,0.9999,0.9999,0,0,0,Remaining time vs overrun,Time overrun,Months remaining
N22000032,Critical,1.0,1.0,1.0,0,0,0,Remaining time vs overrun,Months remaining,Time overrun
N22000049,Critical,0.9999,0.9999,0.9999,0,0,0,Remaining time vs overrun,Time overrun,Previous expenditure ratio
N22000079,Critical,0.9999,0.9999,0.9999,0,0,0,Remaining time vs overrun,Time overrun,Cost variance
N22000085,Critical,0.9949,0.9949,0.9949,0,0,0,Time overrun,Remaining time vs overrun,Previous expenditure ratio
N22000086,Critical,1.0,1.0,1.0,0,0,0,Remaining time vs overrun,Time overrun,Cumulative expenditure
N22000087,Critical,0.9999,0.9999,0.9999,0,0,0,Remaining time vs overrun,Time overrun,Cumulative expenditure
N22000091,Critical,1.0,1.0,1.0,0,0,0,Remaining time vs overrun,Time overrun,Cost variance
N22000092,Critical,0.9999,0.9999,0.9999,0,0,0,Remaining time vs overrun,Time overrun,Months remaining
N22000100,Critical,1.0,1.0,1.0,0,0,0,Remaining time vs overrun,Time overrun,Months remaining
N22000101,Critical,0.9991,0.9991,0.9991,0,0,0,Remaining time vs overrun,Time overrun,State
N22000102,Critical,0.9999,0.9999,0.9999,0,0,0,Remaining time vs overrun,Time overrun,Anticipated cost
N22000108,Critical,0.999,0.999,0.999,0,0,0,Remaining time vs overrun,Months remaining,Time overrun
N22000109,Critical,0.9995,0.9995,0.9995,0,0,0,Remaining time vs overrun,Time overrun,Previous expenditure ratio
N22000110,Critical,1.0,1.0,1.0,0,0,0,Remaining time vs overrun,Time overrun,Anticipated cost
N22000111,Critical,0.9999,0.9999,0.9999,0,0,0,Remaining time vs overrun,Time overrun,Project age
N22000112,Critical,0.9999,0.9999,0.9999,0,0,0,Remaining time vs overrun,Time overrun,Cost variance
N22000120,Critical,0.9999,0.9999,0.9999,0,0,0,Remaining time vs overrun,Time overrun,Anticipated cost
N22000121,Critical,0.9999,0.9999,0.9999,0,0,0,Remaining time vs overrun,Time overrun,Previous expenditure ratio
N22000123,Critical,1.0,1.0,1.0,0,0,0,Remaining time vs overrun,Time overrun,Expenditure ratio
N22000124,Critical,0.9998,0.9998,0.9998,0,0,0,Remaining time vs overrun,Time overrun,Cost variance
N22000125,Critical,1.0,1.0,1.0,0,0,0,Remaining time vs overrun,Time overrun,Expenditure ratio
N22000131,Critical,0.9993,0.9993,0.9993,0,0,0,Remaining time vs overrun,Time overrun,Months remaining
N22000134,Critical,1.0,1.0,1.0,0,0,0,Remaining time vs overrun,Time overrun,Previous expenditure ratio
N22000135,Critical,1.0,1.0,1.0,0,0,0,Remaining time vs overrun,Months remaining,Time overrun
N22000137,Critical,1.0,1.0,1.0,0,0,0,Remaining time vs overrun,Time overrun,Previous expenditure ratio
N22000138,Critical,1.0,1.0,1.0,0,0,0,Remaining time vs overrun,Time overrun,Expenditure ratio
N22000139,Critical,0.9999,0.9999,0.9999,0,0,0,Remaining time vs overrun,Time overrun,Previous expenditure ratio
N22000140,Critical,0.9983,0.9983,0.9983,0,0,0,Time overrun,Remaining time vs overrun,Months remaining
N22000141,Critical,1.0,1.0,1.0,0,0,0,Remaining time vs overrun,Time overrun,Months remaining
N22000142,Critical,0.9987,0.9987,0.9987,0,0,0,Remaining time vs overrun,Time overrun,State
N22000143,Critical,0.9999,0.9999,0.9999,0,0,0,Remaining time vs overrun,Time overrun,Anticipated cost
N22000144,Critical,1.0,1.0,1.0,0,0,0,Remaining time vs overrun,Time overrun,Months remaining
N22000145,Critical,1.0,1.0,1.0,0,0,0,Remaining time vs overrun,Time overrun,Months remaining
N22000148,Critical,1.0,1.0,1.0,0,0,0,Remaining time vs overrun,Time overrun,Months remaining
N22000149,Critical,0.9999,0.9999,0.9999,0,0,0,Remaining time vs overrun,Months remaining,Time overrun
N22000152,Critical,0.9998,0.9998,0.9998,0,0,0,Remaining time vs overrun,Time overrun,Months remaining
N22000155,Critical,1.0,1.0,1.0,0,0,0,Remaining time vs overrun,Time overrun,Months remaining
N22000157,Critical,1.0,1.0,1.0,0,0,0,Remaining time vs overrun,Time overrun,Months remaining
N22000158,Critical,0.998,0.998,0.998,0,0,0,Original cost,Remaining time vs overrun,Time overrun
N22000159,Critical,0.9996,0.9996,0.9996,0,0,0,Time overrun,Remaining time vs overrun,Cost variance
N22000160,Critical,0.9998,0.9998,0.9998,0,0,0,Remaining time vs overrun,Time overrun,Cost variance
N22000165,Critical,1.0,1.0,1.0,0,0,0,Remaining time vs overrun,Time overrun,Months remaining
N22000170,Critical,0.9997,0.9997,0.9997,0,0,0,Remaining time vs overrun,Time overrun,Expenditure ratio
N22000171,Critical,0.9996,0.9996,0.9996,0,0,0,Remaining time vs overrun,Time overrun,State
N22000172,Critical,0.9997,0.9997,0.9997,0,0,0,Remaining time vs overrun,Time overrun,Cumulative expenditure
N22000176,Critical,0.9989,0.9989,0.9989,0,0,0,Remaining time vs overrun,Time overrun,State
N22000177,Critical,0.9995,0.9995,0.9995,0,0,0,Time overrun,Remaining time vs overrun,State
N22000180,Critical,0.9998,0.9998,0.9998,0,0,0,Remaining time vs overrun,Time overrun,State
N22000181,Critical,0.9998,0.9998,0.9998,0,0,0,Remaining time vs overrun,Time overrun,State
N22000183,Critical,1.0,1.0,1.0,0,0,0,Remaining time vs overrun,Time overrun,Months remaining
N22000184,Critical,1.0,1.0,1.0,0,0,0,Original cost,Remaining time vs overrun,Time overrun
N22000185,Critical,0.9998,0.9998,0.9998,0,0,0,Remaining time vs overrun,Time overrun,Cost variance
N22000187,Critical,0.9997,0.9997,0.9997,0,0,0,Time overrun,Remaining time vs overrun,Previous expenditure ratio
N22000190,Critical,1.0,1.0,1.0,0,0,0,Time overrun,Remaining time vs overrun,Previous expenditure ratio
N22000195,Critical,0.9998,0.9998,0.9998,0,0,0,Remaining time vs overrun,Time overrun,Months remaining
N22000196,Critical,0.9968,0.9968,0.9968,0,0,0,Months remaining,Remaining time vs overrun,Time overrun
N22000201,Critical,0.9998,0.9998,0.9998,0,0,0,Original cost,Remaining time vs overrun,Time overrun
N22000202,Critical,0.9999,0.9999,0.9999,0,0,0,Remaining time vs overrun,Time overrun,Cost variance
N22000205,Critical,0.9998,0.9998,0.9998,0,0,0,Remaining time vs overrun,Time overrun,Cost variance
N22000206,Critical,0.9999,0.9999,0.9999,0,0,0,Remaining time vs overrun,Time overrun,Anticipated cost
N22000207,Critical,0.9993,0.9993,0.9993,0,0,0,Remaining time vs overrun,Time overrun,Previous expenditure ratio
N22000208,Critical,0.9999,0.9999,0.9999,0,0,0,Remaining time vs overrun,Time overrun,Cost variance
N22000210,Critical,1.0,1.0,1.0,0,0,0,Remaining time vs overrun,Time overrun,Months remaining
N22000212,Critical,0.9971,0.9971,0.9971,0,0,0,Remaining time vs overrun,Time overrun,Expenditure ratio
N22000213,Critical,1.0,1.0,1.0,0,0,0,Remaining time vs overrun,Time overrun,Months remaining
N22000215,Critical,1.0,1.0,1.0,0,0,0,Remaining time vs overrun,Original cost,Time overrun
N22000216,Critical,0.9999,0.9999,0.9999,0,0,0,Remaining time vs overrun,Time overrun,Cost variance
N22000217,Critical,0.9994,0.9994,0.9994,0,0,0,Remaining time vs overrun,Time overrun,Cost variance
N22000218,Critical,0.9987,0.9987,0.9987,0,0,0,Time overrun,Remaining time vs overrun,Original cost
N22000219,Critical,0.9999,0.9999,0.9999,0,0,0,Remaining time vs overrun,Time overrun,Cost variance
N22000221,Critical,1.0,1.0,1.0,0,0,0,Remaining time vs overrun,Time overrun,Expenditure ratio
N22000222,Critical,0.9999,0.9999,0.9999,0,0,0,Remaining time vs overrun,Time overrun,Previous expenditure ratio
N22000224,Critical,0.9999,0.9999,0.9999,0,0,0,Remaining time vs overrun,Time overrun,Months remaining
N22000225,Critical,0.9997,0.9997,0.9997,0,0,0,Remaining time vs overrun,Time overrun,Cost variance
N22000227,Critical,0.9965,0.9965,0.9965,0,0,0,Time overrun,Remaining time vs overrun,Original cost
N22000228,Critical,0.9999,0.9999,0.9999,0,0,0,Remaining time vs overrun,Time overrun,Cost variance
N22000229,Critical,1.0,1.0,1.0,0,0,0,Remaining time vs overrun,Time overrun,Previous expenditure ratio
N22000230,Critical,1.0,1.0,1.0,0,0,0,Remaining time vs overrun,Original cost,Months remaining
N22000231,Critical,0.9998,0.9998,0.9998,0,0,0,Remaining time vs overrun,Time overrun,Previous expenditure ratio
N22000233,Critical,1.0,1.0,1.0,0,0,0,Remaining time vs overrun,Time overrun,State
N22000234,Critical,0.9983,0.9983,0.9983,0,0,0,Remaining time vs overrun,Time overrun,Cost escalation ratio
N22000235,Critical,0.9995,0.9995,0.9995,0,0,0,Time overrun,Remaining time vs overrun,Cost variance
N22000236,Critical,0.9999,0.9999,0.9999,0,0,0,Remaining time vs overrun,Time overrun,Months remaining
N22000238,Critical,0.9999,0.9999,0.9999,0,0,0,Remaining time vs overrun,Time overrun,Original cost
N22000239,Critical,0.999,0.999,0.999,0,0,0,Remaining time vs overrun,Time overrun,Anticipated cost
N22000240,Critical,0.9994,0.9994,0.9994,0,0,0,Remaining time vs overrun,Time overrun,Previous expenditure ratio
N22000241,Critical,0.9992,0.9992,0.9992,0,0,0,Time overrun,Remaining time vs overrun,Cost variance
N22000242,Critical,0.9986,0.9986,0.9986,0,0,0,Cost variance,Remaining time vs overrun,Time overrun
N22000243,Critical,0.9997,0.9997,0.9997,0,0,0,Remaining time vs overrun,Time overrun,Cost variance
N22000244,Critical,0.9991,0.9991,0.9991,0,0,0,Remaining time vs overrun,Time overrun,Anticipated cost
N22000247,Critical,0.9999,0.9999,0.9999,0,0,0,Time overrun,Remaining time vs overrun,Previous expenditure ratio
N22000249,Critical,0.9833,0.9833,0.9833,0,0,0,Expenditure ratio,Remaining time vs overrun,Time overrun
N22000250,Critical,0.9999,0.9999,0.9999,0,0,0,Remaining time vs overrun,Time overrun,Previous expenditure ratio
N22000256,Critical,0.9995,0.9995,0.9995,0,0,0,Remaining time vs overrun,Time overrun,State
N22000258,Critical,0.9999,0.9999,0.9999,0,0,0,Remaining time vs overrun,Time overrun,Cumulative expenditure
N22000261,Critical,1.0,1.0,1.0,0,0,0,Remaining time vs overrun,Months remaining,Time overrun
N22000269,Critical,0.9999,0.9999,0.9999,0,0,0,Original cost,Time overrun,Remaining time vs overrun
N22000272,Critical,1.0,1.0,1.0,0,0,0,Remaining time vs overrun,Time overrun,Months remaining
N22000273,Critical,0.9999,0.9999,0.9999,0,0,0,Remaining time vs overrun,Months remaining,Time overrun
N22000274,Critical,0.9969,0.9969,0.9969,0,0,0,Remaining time vs overrun,Time overrun,State
N22000276,Critical,0.9992,0.9992,0.9992,0,0,0,Time overrun,Remaining time vs overrun,State
N22000277,Critical,0.9671,0.9671,0.9671,0,0,0,Expenditure ratio,Remaining time vs overrun,Time overrun
N22000278,Critical,0.9996,0.9996,0.9996,0,0,0,Remaining time vs overrun,Time overrun,State
N22000279,Critical,0.9954,0.9954,0.9954,0,0,0,Time overrun,Remaining time vs overrun,State
N22000280,Critical,0.9978,0.9978,0.9978,0,0,0,Remaining time vs overrun,Time overrun,State
N22000281,Critical,0.9998,0.9998,0.9998,0,0,0,Remaining time vs overrun,Original cost,Time overrun
N22000286,Critical,0.9999,0.9999,0.9999,0,0,0,Remaining time vs overrun,Time overrun,State
N22000287,Critical,1.0,1.0,1.0,0,0,0,Remaining time vs overrun,Time overrun,Months remaining
N22000288,Critical,0.9998,0.9998,0.9998,0,0,0,Remaining time vs overrun,Time overrun,Months remaining
N22000294,Critical,0.9997,0.9997,0.9997,0,0,0,Time overrun,Remaining time vs overrun,Anticipated cost
N22000295,Critical,0.9998,0.9998,0.9998,0,0,0,Time overrun,Remaining time vs overrun,Cost variance
N22000297,Critical,0.9999,0.9999,0.9999,0,0,0,Remaining time vs overrun,Time overrun,Previous expenditure ratio
N22000298,Critical,0.9999,0.9999,0.9999,0,0,0,Original cost,Remaining time vs overrun,Time overrun
N22000299,Critical,0.9999,0.9999,0.9999,0,0,0,Remaining time vs overrun,Time overrun,State
N22000300,Critical,0.9986,0.9986,0.9986,0,0,0,Remaining time vs overrun,Time overrun,State
N22000301,Critical,0.9986,0.9986,0.9986,0,0,0,Remaining time vs overrun,Time overrun,Previous expenditure ratio
N22000302,Critical,1.0,1.0,1.0,0,0,0,Remaining time vs overrun,Time overrun,Expenditure ratio
N22000308,Critical,0.9998,0.9998,0.9998,0,0,0,Remaining time vs overrun,Time overrun,State
N22000313,Critical,1.0,1.0,1.0,0,0,0,Remaining time vs overrun,Time overrun,Months remaining
N22000315,Critical,1.0,1.0,1.0,0,0,0,Remaining time vs overrun,Time overrun,Months remaining
N22000316,Critical,1.0,1.0,1.0,0,0,0,Remaining time vs overrun,Time overrun,Previous expenditure ratio
N22000318,Critical,1.0,1.0,1.0,0,0,0,Remaining time vs overrun,Time overrun,Months remaining
N22000319,Critical,1.0,1.0,1.0,0,0,0,Remaining time vs overrun,Time overrun,Original cost
N22000323,Critical,1.0,1.0,1.0,0,0,0,Remaining time vs overrun,Original cost,Months remaining
N22000325,Critical,1.0,1.0,1.0,0,0,0,Remaining time vs overrun,Months remaining,Time overrun
N22000326,Critical,0.9997,0.9997,0.9997,0,0,0,Remaining time vs overrun,Original cost,Time overrun
N22000328,Critical,1.0,1.0,1.0,0,0,0,Remaining time vs overrun,Time overrun,Months remaining
N22000329,Critical,0.9995,0.9995,0.9995,0,0,0,Remaining time vs overrun,Time overrun,State
N22000332,Critical,1.0,1.0,1.0,0,0,0,Remaining time vs overrun,Time overrun,Months remaining
N22000333,Critical,1.0,1.0,1.0,0,0,0,Remaining time vs overrun,Time overrun,Previous expenditure ratio
N22000334,Critical,1.0,1.0,1.0,0,0,0,Remaining time vs overrun,Time overrun,Months remaining
N22000347,Critical,0.9999,0.9999,0.9999,0,0,0,Remaining time vs overrun,Time overrun,Months remaining
N22000349,Critical,1.0,1.0,1.0,0,0,0,Remaining time vs overrun,Time overrun,Months remaining
N22000350,Critical,1.0,1.0,1.0,0,0,0,Remaining time vs overrun,Time overrun,Previous expenditure ratio
N22000351,Critical,0.9999,0.9999,0.9999,0,0,0,Remaining time vs overrun,Time overrun,State
N22000353,Low,0.1305,0.8694999999999999,0,0,0,0.1305,Remaining time vs overrun,Time overrun,Original cost
N22000354,Low,0.1177,0.8823,0,0,0,0.1177,Remaining time vs overrun,Time overrun,Original cost
N22000355,Low,0.0789,0.9211,0,0,0,0.0789,Remaining time vs overrun,Time overrun,Original cost
N22000356,Critical,1.0,1.0,1.0,0,0,0,Remaining time vs overrun,Time overrun,Previous expenditure ratio
N22000358,Critical,0.9999,0.9999,0.9999,0,0,0,Remaining time vs overrun,Time overrun,State
N22000359,Critical,0.9999,0.9999,0.9999,0,0,0,Remaining time vs overrun,Months remaining,Time overrun
N22000360,Critical,1.0,1.0,1.0,0,0,0,Remaining time vs overrun,Time overrun,Previous expenditure ratio
N22000361,Critical,1.0,1.0,1.0,0,0,0,Remaining time vs overrun,Time overrun,Previous expenditure ratio
N22000362,Critical,1.0,1.0,1.0,0,0,0,Remaining time vs overrun,Time overrun,Months remaining
N22000367,Critical,0.9999,0.9999,0.9999,0,0,0,Remaining time vs overrun,Months remaining,Time overrun
N22000368,Critical,0.9998,0.9998,0.9998,0,0,0,Remaining time vs overrun,Time overrun,Previous expenditure ratio
N22000369,Critical,1.0,1.0,1.0,0,0,0,Remaining time vs overrun,Time overrun,Months remaining
N22000372,Critical,0.9999,0.9999,0.9999,0,0,0,Remaining time vs overrun,Time overrun,Months remaining
N22000373,Critical,0.9999,0.9999,0.9999,0,0,0,Remaining time vs overrun,Time overrun,Months remaining
N22000374,Critical,0.9999,0.9999,0.9999,0,0,0,Remaining time vs overrun,Time overrun,Previous expenditure ratio
N22000376,Critical,0.9999,0.9999,0.9999,0,0,0,Remaining time vs overrun,Months remaining,Time overrun
N22000377,Critical,0.9999,0.9999,0.9999,0,0,0,Remaining time vs overrun,Months remaining,Time overrun
N22000379,Critical,0.9998,0.9998,0.9998,0,0,0,Remaining time vs overrun,Time overrun,Cumulative expenditure
N22000380,Critical,0.9999,0.9999,0.9999,0,0,0,Remaining time vs overrun,Time overrun,Anticipated cost
N22000381,Critical,1.0,1.0,1.0,0,0,0,Remaining time vs overrun,Time overrun,Previous expenditure ratio
N22000388,Critical,0.9999,0.9999,0.9999,0,0,0,Remaining time vs overrun,Time overrun,State
N22000389,Critical,1.0,1.0,1.0,0,0,0,Remaining time vs overrun,Time overrun,Months remaining
N22000390,Critical,0.9999,0.9999,0.9999,0,0,0,Remaining time vs overrun,Months remaining,Time overrun
N22000392,Critical,1.0,1.0,1.0,0,0,0,Remaining time vs overrun,Months remaining,Time overrun
N22000394,Critical,0.9997,0.9997,0.9997,0,0,0,Remaining time vs overrun,Months remaining,Time overrun
N22000395,Critical,1.0,1.0,1.0,0,0,0,Remaining time vs overrun,Time overrun,Months remaining
N22000396,Critical,0.9999,0.9999,0.9999,0,0,0,Remaining time vs overrun,Time overrun,State
N22000397,Low,0.0028,0.9972,0,0,0,0.0028,Remaining time vs overrun,Time overrun,Months remaining
N22000398,Critical,0.9995,0.9995,0.9995,0,0,0,Time overrun,Remaining time vs overrun,Cost variance
N22000399,Critical,0.9992,0.9992,0.9992,0,0,0,Time overrun,Remaining time vs overrun,State
N22000400,Critical,0.9996,0.9996,0.9996,0,0,0,Remaining time vs overrun,Time overrun,Original cost
N22000401,Critical,1.0,1.0,1.0,0,0,0,Remaining time vs overrun,Time overrun,Months remaining
N22000402,Critical,0.9997,0.9997,0.9997,0,0,0,Remaining time vs overrun,Time overrun,Cost variance
N22000403,Low,0.0001,0.9999,0,0,0,0.0001,Remaining time vs overrun,Time overrun,Months remaining
N22000404,Critical,1.0,1.0,1.0,0,0,0,Remaining time vs overrun,Time overrun,Months remaining
N22000405,Critical,1.0,1.0,1.0,0,0,0,Remaining time vs overrun,Time overrun,Previous expenditure ratio
N22000406,Critical,1.0,1.0,1.0,0,0,0,Remaining time vs overrun,Months remaining,Time overrun
N22000407,Critical,1.0,1.0,1.0,0,0,0,Remaining time vs overrun,Time overrun,Months remaining
N22000408,Low,0.0001,0.9999,0,0,0,0.0001,Remaining time vs overrun,Time overrun,Expenditure ratio
N22000409,Critical,0.9999,0.9999,0.9999,0,0,0,Remaining time vs overrun,Time overrun,Previous expenditure ratio
N22000410,Critical,1.0,1.0,1.0,0,0,0,Remaining time vs overrun,Time overrun,Months remaining
N22000411,Critical,1.0,1.0,1.0,0,0,0,Remaining time vs overrun,Months remaining,Time overrun
N22000412,Critical,1.0,1.0,1.0,0,0,0,Remaining time vs overrun,Time overrun,Months remaining
N22000413,Critical,1.0,1.0,1.0,0,0,0,Remaining time vs overrun,Time overrun,Months remaining
N22000414,Critical,1.0,1.0,1.0,0,0,0,Remaining time vs overrun,Time overrun,Months remaining
N22000415,Critical,1.0,1.0,1.0,0,0,0,Remaining time vs overrun,Months remaining,Time overrun
N22000416,Critical,1.0,1.0,1.0,0,0,0,Remaining time vs overrun,Time overrun,Months remaining
N22000417,Critical,1.0,1.0,1.0,0,0,0,Remaining time vs overrun,Months remaining,Time overrun
N22000418,Critical,0.9997,0.9997,0.9997,0,0,0,Remaining time vs overrun,Time overrun,Anticipated cost
N22000419,Critical,1.0,1.0,1.0,0,0,0,Remaining time vs overrun,Time overrun,Months remaining
N22000420,Critical,0.9999,0.9999,0.9999,0,0,0,Remaining time vs overrun,Time overrun,Cumulative expenditure
N22000421,Critical,0.9999,0.9999,0.9999,0,0,0,Remaining time vs overrun,Time overrun,Months remaining
N22000422,Critical,1.0,1.0,1.0,0,0,0,Remaining time vs overrun,Time overrun,Months remaining
N22000424,Critical,1.0,1.0,1.0,0,0,0,Remaining time vs overrun,Time overrun,Months remaining
N22000426,Critical,1.0,1.0,1.0,0,0,0,Remaining time vs overrun,Time overrun,Months remaining
N22000427,Critical,1.0,1.0,1.0,0,0,0,Remaining time vs overrun,Months remaining,Time overrun
N22000428,Critical,0.9999,0.9999,0.9999,0,0,0,Remaining time vs overrun,Months remaining,Time overrun
N22000431,Critical,0.9995,0.9995,0.9995,0,0,0,Remaining time vs overrun,Time overrun,Months remaining
N22000432,Critical,0.9999,0.9999,0.9999,0,0,0,Remaining time vs overrun,Original cost,Months remaining
N22000434,Critical,0.9996,0.9996,0.9996,0,0,0,Remaining time vs overrun,Time overrun,Original cost
N22000435,Critical,0.9996,0.9996,0.9996,0,0,0,Remaining time vs overrun,Time overrun,Original cost
N22000436,Critical,0.9996,0.9996,0.9996,0,0,0,Remaining time vs overrun,Time overrun,Original cost
N22000438,Critical,1.0,1.0,1.0,0,0,0,Remaining time vs overrun,Time overrun,Months remaining
N22000441,Critical,1.0,1.0,1.0,0,0,0,Remaining time vs overrun,Time overrun,Months remaining
N22000445,Critical,0.9991,0.9991,0.9991,0,0,0,Time overrun,Remaining time vs overrun,State
N22000449,Critical,1.0,1.0,1.0,0,0,0,Remaining time vs overrun,Months remaining,Time overrun
N22000451,Critical,1.0,1.0,1.0,0,0,0,Remaining time vs overrun,Time overrun,Months remaining
N22000456,Critical,1.0,1.0,1.0,0,0,0,Remaining time vs overrun,Time overrun,Months remaining
N22000457,Critical,0.9999,0.9999,0.9999,0,0,0,Remaining time vs overrun,Time overrun,Cost variance
N22000459,Critical,1.0,1.0,1.0,0,0,0,Original cost,Remaining time vs overrun,Time overrun
N22000461,Critical,1.0,1.0,1.0,0,0,0,Remaining time vs overrun,Time overrun,Months remaining
N22000462,Critical,0.9995,0.9995,0.9995,0,0,0,Remaining time vs overrun,Time overrun,Months remaining
N22000463,Critical,0.9996,0.9996,0.9996,0,0,0,Remaining time vs overrun,Time overrun,State
N22000464,Critical,1.0,1.0,1.0,0,0,0,Remaining time vs overrun,Months remaining,Time overrun
N22000465,Critical,1.0,1.0,1.0,0,0,0,Remaining time vs overrun,Time overrun,Months remaining
N22000466,Critical,1.0,1.0,1.0,0,0,0,Remaining time vs overrun,Time overrun,Previous expenditure ratio
N22000467,Critical,1.0,1.0,1.0,0,0,0,Remaining time vs overrun,Time overrun,Cost variance
N22000468,Critical,0.9991,0.9991,0.9991,0,0,0,Time overrun,Remaining time vs overrun,State
N22000469,Critical,1.0,1.0,1.0,0,0,0,Remaining time vs overrun,Months remaining,Time overrun
N22000470,Critical,1.0,1.0,1.0,0,0,0,Remaining time vs overrun,Time overrun,Months remaining
N22000472,Critical,1.0,1.0,1.0,0,0,0,Remaining time vs overrun,Time overrun,Previous expenditure ratio
N22000473,Critical,1.0,1.0,1.0,0,0,0,Remaining time vs overrun,Time overrun,Months remaining
N22000474,Critical,0.9999,0.9999,0.9999,0,0,0,Remaining time vs overrun,Time overrun,State
N22000476,Critical,0.9998,0.9998,0.9998,0,0,0,Remaining time vs overrun,Time overrun,State
N22000480,Critical,0.9999,0.9999,0.9999,0,0,0,Remaining time vs overrun,Time overrun,3-month expenditure change
N22000481,Critical,0.9996,0.9996,0.9996,0,0,0,Remaining time vs overrun,Time overrun,Cumulative expenditure
N22000482,Low,0.0003,0.9997,0,0,0,0.0003,Remaining time vs overrun,Time overrun,Cost escalation ratio
N22000483,Critical,1.0,1.0,1.0,0,0,0,Remaining time vs overrun,Time overrun,Previous expenditure ratio
N22000484,Critical,0.9999,0.9999,0.9999,0,0,0,Remaining time vs overrun,Time overrun,Previous expenditure ratio
N22000485,Critical,1.0,1.0,1.0,0,0,0,Remaining time vs overrun,Time overrun,Months remaining
N22000486,Critical,0.9999,0.9999,0.9999,0,0,0,Remaining time vs overrun,Time overrun,Anticipated cost
N22000487,Critical,1.0,1.0,1.0,0,0,0,Remaining time vs overrun,Time overrun,Months remaining
N22000488,Critical,0.9998,0.9998,0.9998,0,0,0,Remaining time vs overrun,Time overrun,State
N22000489,Critical,0.9998,0.9998,0.9998,0,0,0,Remaining time vs overrun,Time overrun,Previous expenditure ratio
N22000492,Critical,1.0,1.0,1.0,0,0,0,Remaining time vs overrun,Time overrun,Months remaining
N22000493,Critical,1.0,1.0,1.0,0,0,0,Remaining time vs overrun,Time overrun,Months remaining
N22000494,Critical,1.0,1.0,1.0,0,0,0,Remaining time vs overrun,Time overrun,Months remaining
N22000495,Critical,0.9998,0.9998,0.9998,0,0,0,Remaining time vs overrun,Time overrun,State
N22000496,Critical,1.0,1.0,1.0,0,0,0,Remaining time vs overrun,Time overrun,Expenditure ratio
N22000498,Critical,1.0,1.0,1.0,0,0,0,Remaining time vs overrun,Time overrun,Expenditure ratio
N22000499,Critical,1.0,1.0,1.0,0,0,0,Remaining time vs overrun,Time overrun,Previous expenditure ratio
N22000501,Critical,1.0,1.0,1.0,0,0,0,Remaining time vs overrun,Time overrun,Months remaining
N22000502,Critical,0.9995,0.9995,0.9995,0,0,0,Remaining time vs overrun,Time overrun,Months remaining
N22000503,Critical,0.9998,0.9998,0.9998,0,0,0,Remaining time vs overrun,Time overrun,State
N22000504,Critical,1.0,1.0,1.0,0,0,0,Remaining time vs overrun,Time overrun,Months remaining
N22000505,Critical,1.0,1.0,1.0,0,0,0,Remaining time vs overrun,Time overrun,Months remaining
N22000506,Critical,0.9998,0.9998,0.9998,0,0,0,Remaining time vs overrun,Time overrun,Previous expenditure ratio
N22000508,Critical,0.9996,0.9996,0.9996,0,0,0,Remaining time vs overrun,Time overrun,State
N22000509,Critical,1.0,1.0,1.0,0,0,0,Remaining time vs overrun,Time overrun,Expenditure ratio
N22000510,Critical,0.9998,0.9998,0.9998,0,0,0,Remaining time vs overrun,Time overrun,Months remaining
N22000511,Critical,0.9999,0.9999,0.9999,0,0,0,Time overrun,Remaining time vs overrun,State
N22000513,Low,0.0005,0.9995,0,0,0,0.0005,Remaining time vs overrun,Time overrun,Months remaining
N22000514,Critical,0.9999,0.9999,0.9999,0,0,0,Remaining time vs overrun,Time overrun,State
N22000515,Low,0.0219,0.9781,0,0,0,0.0219,Remaining time vs overrun,Time overrun,3-month expenditure change
N22000516,Low,0.0052,0.9948,0,0,0,0.0052,Remaining time vs overrun,Time overrun,3-month expenditure change
N22000517,Low,0.0129,0.9871,0,0,0,0.0129,Remaining time vs overrun,Time overrun,Previous expenditure ratio
N22000518,Low,0.0252,0.9748,0,0,0,0.0252,Remaining time vs overrun,Time overrun,Cost variance
N22000519,Low,0.0005,0.9995,0,0,0,0.0005,Remaining time vs overrun,Time overrun,Months remaining
N22000520,Critical,0.9685,0.9685,0.9685,0,0,0,Time overrun,Remaining time vs overrun,Anticipated cost
N22000521,Low,0.0122,0.9878,0,0,0,0.0122,Remaining time vs overrun,Time overrun,Months remaining
N22000522,Low,0.0032,0.9968,0,0,0,0.0032,Remaining time vs overrun,Time overrun,Months remaining
N22000523,Critical,1.0,1.0,1.0,0,0,0,Remaining time vs overrun,Months remaining,Time overrun
N22000524,Low,0.116,0.884,0,0,0,0.116,Remaining time vs overrun,Time overrun,State
N22000525,Low,0.0033,0.9967,0,0,0,0.0033,Remaining time vs overrun,Time overrun,Months remaining
N22000526,Low,0.1038,0.8962,0,0,0,0.1038,Remaining time vs overrun,Time overrun,State
N22000527,Low,0.026,0.974,0,0,0,0.026,Remaining time vs overrun,Time overrun,Previous expenditure ratio
N22000528,Low,0.0049,0.9951,0,0,0,0.0049,Remaining time vs overrun,Time overrun,Months remaining
N22000529,Low,0.0302,0.9698,0,0,0,0.0302,Remaining time vs overrun,Time overrun,Previous expenditure ratio
N22000530,Critical,0.9989,0.9989,0.9989,0,0,0,Remaining time vs overrun,Months remaining,Time overrun
N22000531,Critical,0.9999,0.9999,0.9999,0,0,0,Cost variance,Time overrun,State
N22000532,Low,0.0766,0.9234,0,0,0,0.0766,Remaining time vs overrun,Time overrun,Original cost
N22000533,Critical,0.7913,0.7913,0.7913,0,0,0,Remaining time vs overrun,Time overrun,Months remaining
N22000534,Critical,0.9998,0.9998,0.9998,0,0,0,Remaining time vs overrun,Months remaining,Time overrun
N22000535,Low,0.1336,0.8664000000000001,0,0,0,0.1336,Remaining time vs overrun,Time overrun,Cumulative expenditure
N22000536,Critical,0.9999,0.9999,0.9999,0,0,0,Remaining time vs overrun,Time overrun,Months remaining
N22000537,Critical,0.996,0.996,0.996,0,0,0,Time overrun,Remaining time vs overrun,Months remaining
N22000538,Low,0.0339,0.9661,0,0,0,0.0339,Remaining time vs overrun,Time overrun,3-month expenditure change
N22000539,Low,0.1396,0.8604,0,0,0,0.1396,Remaining time vs overrun,Time overrun,Previous expenditure ratio
N22000540,Low,0.1488,0.8512,0,0,0,0.1488,Remaining time vs overrun,Time overrun,Anticipated cost
N22000541,Low,0.1048,0.8952,0,0,0,0.1048,Remaining time vs overrun,Time overrun,State
N22000542,Medium,0.2662,0.7338,0,0,0.2662,0,Remaining time vs overrun,Time overrun,State
N22000543,Low,0.0169,0.9831,0,0,0,0.0169,Remaining time vs overrun,Time overrun,Anticipated cost
N22000544,Low,0.105,0.895,0,0,0,0.105,Remaining time vs overrun,Time overrun,State
N22000545,Low,0.244,0.756,0,0,0,0.244,Remaining time vs overrun,Time overrun,State
N22000546,Critical,0.9999,0.9999,0.9999,0,0,0,Remaining time vs overrun,Time overrun,Months remaining
N22000547,Critical,0.9969,0.9969,0.9969,0,0,0,Time overrun,Remaining time vs overrun,Months remaining
N22000548,Low,0.0231,0.9769,0,0,0,0.0231,Remaining time vs overrun,Time overrun,Previous expenditure ratio
N22000549,Critical,0.9978,0.9978,0.9978,0,0,0,Time overrun,Remaining time vs overrun,Months remaining
N22000550,Low,0.0419,0.9581,0,0,0,0.0419,Remaining time vs overrun,Time overrun,State
N22000551,Low,0.002,0.998,0,0,0,0.002,Remaining time vs overrun,Time overrun,Expenditure ratio
N22000552,Critical,0.9988,0.9988,0.9988,0,0,0,Remaining time vs overrun,Months remaining,Time overrun
N22000553,Low,0.0669,0.9331,0,0,0,0.0669,Remaining time vs overrun,Time overrun,Cost escalation ratio
N22000554,Medium,0.2951,0.7049000000000001,0,0,0.2951,0,Remaining time vs overrun,Time overrun,State
N22000555,Low,0.1078,0.8922,0,0,0,0.1078,Remaining time vs overrun,Time overrun,State
N22000556,Critical,0.9995,0.9995,0.9995,0,0,0,Remaining time vs overrun,Time overrun,State
N22000557,Critical,0.9999,0.9999,0.9999,0,0,0,Remaining time vs overrun,Time overrun,State
N22000558,Low,0.0018,0.9982,0,0,0,0.0018,Remaining time vs overrun,Time overrun,Months remaining
N22000559,Low,0.0006,0.9994,0,0,0,0.0006,Remaining time vs overrun,Time overrun,Cost escalation ratio
N22000560,Critical,1.0,1.0,1.0,0,0,0,Original cost,Time overrun,Remaining time vs overrun
N22000562,Low,0.2382,0.7618,0,0,0,0.2382,Remaining time vs overrun,Time overrun,Previous expenditure ratio
N22000563,Medium,0.424,0.5760000000000001,0,0,0.424,0,Remaining time vs overrun,Time overrun,Previous expenditure ratio
N22000564,Critical,0.9989,0.9989,0.9989,0,0,0,Time overrun,Remaining time vs overrun,State
N22000565,Low,0.0012,0.9988,0,0,0,0.0012,Remaining time vs overrun,Time overrun,Months remaining
N22000566,Critical,1.0,1.0,1.0,0,0,0,Remaining time vs overrun,Time overrun,Months remaining
N22000567,Critical,0.9993,0.9993,0.9993,0,0,0,Remaining time vs overrun,Time overrun,Cost variance
N22000568,Critical,1.0,1.0,1.0,0,0,0,Remaining time vs overrun,Months remaining,Time overrun
N22000569,Low,0.0074,0.9926,0,0,0,0.0074,Remaining time vs overrun,Time overrun,Months remaining
N22000570,Low,0.0103,0.9897,0,0,0,0.0103,Remaining time vs overrun,Time overrun,State
N22000571,Low,0.0868,0.9132,0,0,0,0.0868,Remaining time vs overrun,Time overrun,Original cost
N22000572,Critical,0.9999,0.9999,0.9999,0,0,0,Remaining time vs overrun,Time overrun,Months remaining
N22000573,Low,0.0114,0.9886,0,0,0,0.0114,Remaining time vs overrun,Time overrun,Expenditure ratio
N22000574,Low,0.0268,0.9732,0,0,0,0.0268,Remaining time vs overrun,Time overrun,State
N22000575,Low,0.1569,0.8431,0,0,0,0.1569,Remaining time vs overrun,Time overrun,State
N22000576,Low,0.137,0.863,0,0,0,0.137,Remaining time vs overrun,Time overrun,State
N22000577,Low,0.0698,0.9302,0,0,0,0.0698,Remaining time vs overrun,Time overrun,State
N22000578,Critical,0.9999,0.9999,0.9999,0,0,0,Original cost,Remaining time vs overrun,Time overrun
N22000579,Low,0.1491,0.8509,0,0,0,0.1491,Remaining time vs overrun,Time overrun,State
N22000580,Low,0.0145,0.9855,0,0,0,0.0145,Remaining time vs overrun,Time overrun,Cost escalation ratio
N22000582,Critical,0.9748,0.9748,0.9748,0,0,0,Time overrun,Remaining time vs overrun,Months remaining
N22000583,Critical,0.9999,0.9999,0.9999,0,0,0,Remaining time vs overrun,Time overrun,State
N22000584,Critical,0.9976,0.9976,0.9976,0,0,0,Remaining time vs overrun,Time overrun,Previous expenditure ratio
N22000585,Low,0.0159,0.9841,0,0,0,0.0159,Remaining time vs overrun,Time overrun,State
N22000586,Low,0.0812,0.9188000000000001,0,0,0,0.0812,Remaining time vs overrun,Time overrun,Previous expenditure ratio
N22000587,Low,0.1397,0.8603000000000001,0,0,0,0.1397,Remaining time vs overrun,Time overrun,State
N22000588,Critical,0.9999,0.9999,0.9999,0,0,0,Remaining time vs overrun,Time overrun,Months remaining
N22000589,Critical,0.9999,0.9999,0.9999,0,0,0,Remaining time vs overrun,Months remaining,Original cost
N22000590,Critical,0.9996,0.9996,0.9996,0,0,0,Remaining time vs overrun,Time overrun,State
N22000591,Low,0.0104,0.9896,0,0,0,0.0104,Remaining time vs overrun,Time overrun,State
N22000592,Low,0.026,0.974,0,0,0,0.026,Remaining time vs overrun,Time overrun,3-month expenditure change
N22000593,Critical,0.9998,0.9998,0.9998,0,0,0,Remaining time vs overrun,Cost variance,Time overrun
N22000594,Low,0.2364,0.7636000000000001,0,0,0,0.2364,Remaining time vs overrun,Time overrun,Cost variance
N22000595,Critical,0.9999,0.9999,0.9999,0,0,0,Remaining time vs overrun,Months remaining,Time overrun
N22000596,Critical,1.0,1.0,1.0,0,0,0,Remaining time vs overrun,Months remaining,Time overrun
N22000597,Critical,0.996,0.996,0.996,0,0,0,Time overrun,Remaining time vs overrun,Months remaining
N22000598,Critical,1.0,1.0,1.0,0,0,0,Remaining time vs overrun,Months remaining,Time overrun
N22000599,Low,0.0167,0.9833,0,0,0,0.0167,Remaining time vs overrun,Time overrun,Cost escalation ratio
N22000600,Low,0.1035,0.8965,0,0,0,0.1035,Remaining time vs overrun,Time overrun,State
N22000601,Low,0.0075,0.9925,0,0,0,0.0075,Remaining time vs overrun,Time overrun,Months remaining
N22000602,Critical,0.9997,0.9997,0.9997,0,0,0,Remaining time vs overrun,Time overrun,Months remaining
N22000604,Low,0.156,0.844,0,0,0,0.156,Remaining time vs overrun,Time overrun,Expenditure ratio
N22000605,Critical,0.9879,0.9879,0.9879,0,0,0,Remaining time vs overrun,Time overrun,Months remaining
N22000606,Low,0.0884,0.9116,0,0,0,0.0884,Remaining time vs overrun,Time overrun,State
N22000607,Low,0.0101,0.9899,0,0,0,0.0101,Remaining time vs overrun,Time overrun,Cost escalation ratio
N22000608,Low,0.1132,0.8868,0,0,0,0.1132,Remaining time vs overrun,Time overrun,Original cost
N22000609,Critical,1.0,1.0,1.0,0,0,0,Remaining time vs overrun,Months remaining,Original cost
N22000610,Critical,0.9997,0.9997,0.9997,0,0,0,Remaining time vs overrun,Time overrun,State
N22000611,Critical,0.9995,0.9995,0.9995,0,0,0,Remaining time vs overrun,Time overrun,State
N22000612,Critical,0.9973,0.9973,0.9973,0,0,0,Remaining time vs overrun,Months remaining,Time overrun
N22000613,Critical,1.0,1.0,1.0,0,0,0,Remaining time vs overrun,Time overrun,Previous expenditure ratio
N22000614,Low,0.0139,0.9861,0,0,0,0.0139,Remaining time vs overrun,Time overrun,Cost variance
N22000615,Low,0.01,0.99,0,0,0,0.01,Remaining time vs overrun,Time overrun,Months remaining
N22000616,Low,0.0188,0.9812,0,0,0,0.0188,Remaining time vs overrun,Time overrun,Previous expenditure ratio
N22000617,Critical,0.9998,0.9998,0.9998,0,0,0,Remaining time vs overrun,Months remaining,Time overrun
N22000618,Low,0.0017,0.9983,0,0,0,0.0017,Remaining time vs overrun,Time overrun,Original cost
N22000619,Low,0.0078,0.9922,0,0,0,0.0078,Remaining time vs overrun,Time overrun,Months remaining
N22000620,Critical,0.9994,0.9994,0.9994,0,0,0,Remaining time vs overrun,Time overrun,Months remaining
N22000621,Critical,0.9995,0.9995,0.9995,0,0,0,Remaining time vs overrun,Time overrun,State
N22000622,Low,0.0695,0.9305,0,0,0,0.0695,Remaining time vs overrun,Time overrun,Cumulative expenditure
N22000623,Critical,0.9702,0.9702,0.9702,0,0,0,Remaining time vs overrun,Time overrun,Months remaining
N22000624,Critical,0.9981,0.9981,0.9981,0,0,0,Remaining time vs overrun,Time overrun,Anticipated cost
N22000625,Critical,0.9979,0.9979,0.9979,0,0,0,Remaining time vs overrun,Time overrun,Months remaining
N22000626,Critical,0.9994,0.9994,0.9994,0,0,0,Remaining time vs overrun,Time overrun,Cost variance
N22000627,Critical,1.0,1.0,1.0,0,0,0,Remaining time vs overrun,Time overrun,State
N22000628,Critical,0.9998,0.9998,0.9998,0,0,0,Remaining time vs overrun,Months remaining,Time overrun
N22000629,Critical,0.9999,0.9999,0.9999,0,0,0,Remaining time vs overrun,Time overrun,3-month expenditure change
N22000630,Low,0.005,0.995,0,0,0,0.005,Remaining time vs overrun,Time overrun,Original cost
N22000631,Low,0.0121,0.9879,0,0,0,0.0121,Remaining time vs overrun,Time overrun,Months remaining
N24000044,Critical,1.0,1.0,1.0,0,0,0,Remaining time vs overrun,Time overrun,Months remaining
N24000047,Critical,1.0,1.0,1.0,0,0,0,Remaining time vs overrun,Time overrun,Previous expenditure ratio
N24000048,Critical,1.0,1.0,1.0,0,0,0,Remaining time vs overrun,Time overrun,Months remaining
N24000049,Critical,1.0,1.0,1.0,0,0,0,Remaining time vs overrun,Time overrun,Original cost
N24000062,Critical,1.0,1.0,1.0,0,0,0,Remaining time vs overrun,Time overrun,Previous expenditure ratio
N24000063,Critical,1.0,1.0,1.0,0,0,0,Remaining time vs overrun,Time overrun,Months remaining
N24000089,Critical,1.0,1.0,1.0,0,0,0,Remaining time vs overrun,Time overrun,Months remaining
N24000122,Critical,1.0,1.0,1.0,0,0,0,Remaining time vs overrun,Time overrun,Months remaining
N24000125,Critical,0.9999,0.9999,0.9999,0,0,0,Remaining time vs overrun,Time overrun,Expenditure ratio
N24000131,Critical,1.0,1.0,1.0,0,0,0,Remaining time vs overrun,Time overrun,Months remaining
N24000133,Critical,0.9999,0.9999,0.9999,0,0,0,Remaining time vs overrun,Time overrun,Previous expenditure ratio
N24000136,Critical,1.0,1.0,1.0,0,0,0,Remaining time vs overrun,Time overrun,Months remaining
N24000138,Critical,1.0,1.0,1.0,0,0,0,Remaining time vs overrun,Time overrun,Months remaining
N24000145,Critical,0.9999,0.9999,0.9999,0,0,0,Remaining time vs overrun,Time overrun,Months remaining
N24000149,Critical,0.9997,0.9997,0.9997,0,0,0,Remaining time vs overrun,Time overrun,Previous expenditure ratio
N24000155,Critical,1.0,1.0,1.0,0,0,0,Remaining time vs overrun,Time overrun,Months remaining
N24000156,Critical,1.0,1.0,1.0,0,0,0,Remaining time vs overrun,Time overrun,Months remaining
N24000159,Critical,0.9999,0.9999,0.9999,0,0,0,Remaining time vs overrun,Time overrun,Previous expenditure ratio
N24000161,Critical,1.0,1.0,1.0,0,0,0,Remaining time vs overrun,Time overrun,Months remaining
N24000162,Critical,0.9999,0.9999,0.9999,0,0,0,Remaining time vs overrun,Time overrun,Previous expenditure ratio
N24000163,Critical,0.9997,0.9997,0.9997,0,0,0,Remaining time vs overrun,Time overrun,Previous expenditure ratio
N24000165,Critical,1.0,1.0,1.0,0,0,0,Remaining time vs overrun,Time overrun,Previous expenditure ratio
N24000170,Critical,1.0,1.0,1.0,0,0,0,Remaining time vs overrun,Time overrun,Months remaining
N24000172,Critical,1.0,1.0,1.0,0,0,0,Remaining time vs overrun,Time overrun,Previous expenditure ratio
N24000173,Critical,0.998,0.998,0.998,0,0,0,Remaining time vs overrun,3-month expenditure change,Months remaining
N24000175,Critical,0.9976,0.9976,0.9976,0,0,0,3-month expenditure change,Remaining time vs overrun,Months remaining
N24000176,Critical,0.9999,0.9999,0.9999,0,0,0,Remaining time vs overrun,Months remaining,Time overrun
N24000177,Critical,0.9997,0.9997,0.9997,0,0,0,Remaining time vs overrun,Time overrun,Months remaining
N24000178,Critical,0.9998,0.9998,0.9998,0,0,0,Remaining time vs overrun,Time overrun,Previous expenditure ratio
N24000180,Critical,0.9995,0.9995,0.9995,0,0,0,Remaining time vs overrun,Time overrun,Months remaining
N24000182,Critical,1.0,1.0,1.0,0,0,0,Remaining time vs overrun,Time overrun,Months remaining
N24000183,Critical,1.0,1.0,1.0,0,0,0,Remaining time vs overrun,Time overrun,Months remaining
N24000185,Critical,1.0,1.0,1.0,0,0,0,Remaining time vs overrun,Time overrun,Months remaining
N24000186,Critical,1.0,1.0,1.0,0,0,0,Remaining time vs overrun,Time overrun,Months remaining
N24000187,Critical,1.0,1.0,1.0,0,0,0,Remaining time vs overrun,Time overrun,Previous expenditure ratio
N24000188,Critical,1.0,1.0,1.0,0,0,0,Remaining time vs overrun,Time overrun,Months remaining
N24000189,Critical,1.0,1.0,1.0,0,0,0,Remaining time vs overrun,Time overrun,Months remaining
N24000197,Critical,0.9999,0.9999,0.9999,0,0,0,Remaining time vs overrun,Months remaining,Time overrun
N24000201,Critical,0.9998,0.9998,0.9998,0,0,0,Remaining time vs overrun,Time overrun,Previous expenditure ratio
N24000202,Critical,1.0,1.0,1.0,0,0,0,Remaining time vs overrun,Time overrun,Months remaining
N24000203,Critical,1.0,1.0,1.0,0,0,0,Remaining time vs overrun,Time overrun,Expenditure ratio
N24000205,Critical,1.0,1.0,1.0,0,0,0,Remaining time vs overrun,Time overrun,Previous expenditure ratio
N24000206,Critical,0.9999,0.9999,0.9999,0,0,0,Remaining time vs overrun,Time overrun,Expenditure ratio
N24000208,Critical,1.0,1.0,1.0,0,0,0,Remaining time vs overrun,Time overrun,Months remaining
N24000209,Critical,1.0,1.0,1.0,0,0,0,Remaining time vs overrun,Time overrun,Previous expenditure ratio
N24000212,Critical,1.0,1.0,1.0,0,0,0,Remaining time vs overrun,Time overrun,Months remaining
N24000213,Critical,1.0,1.0,1.0,0,0,0,Remaining time vs overrun,Cost variance,Months remaining
N24000216,Critical,0.9999,0.9999,0.9999,0,0,0,Remaining time vs overrun,Time overrun,State
N24000219,Critical,0.9998,0.9998,0.9998,0,0,0,Remaining time vs overrun,Time overrun,Previous expenditure ratio
N24000222,Critical,0.9999,0.9999,0.9999,0,0,0,Remaining time vs overrun,Time overrun,Expenditure ratio
N24000224,Critical,1.0,1.0,1.0,0,0,0,Remaining time vs overrun,Months remaining,Time overrun
N24000230,Critical,1.0,1.0,1.0,0,0,0,Remaining time vs overrun,Time overrun,Months remaining
N24000232,Critical,1.0,1.0,1.0,0,0,0,Remaining time vs overrun,Time overrun,Expenditure ratio
N24000233,Critical,1.0,1.0,1.0,0,0,0,Remaining time vs overrun,Time overrun,Previous expenditure ratio
N24000245,Critical,0.9997,0.9997,0.9997,0,0,0,Remaining time vs overrun,Time overrun,Months remaining
N24000247,Critical,0.9993,0.9993,0.9993,0,0,0,Remaining time vs overrun,Months remaining,Time overrun
N24000248,Critical,0.9999,0.9999,0.9999,0,0,0,Remaining time vs overrun,Months remaining,Original cost
N24000260,Critical,1.0,1.0,1.0,0,0,0,Remaining time vs overrun,Time overrun,Months remaining
N24000274,Critical,0.9999,0.9999,0.9999,0,0,0,Remaining time vs overrun,Months remaining,Time overrun
N24000281,Critical,0.9996,0.9996,0.9996,0,0,0,Remaining time vs overrun,Time overrun,State
N24000282,Critical,0.9999,0.9999,0.9999,0,0,0,Original cost,Remaining time vs overrun,Time overrun
N24000298,Critical,0.9997,0.9997,0.9997,0,0,0,Remaining time vs overrun,Time overrun,Months remaining
N24000301,Critical,1.0,1.0,1.0,0,0,0,Remaining time vs overrun,Time overrun,Months remaining
N24000302,Critical,0.9999,0.9999,0.9999,0,0,0,Remaining time vs overrun,Months remaining,Time overrun
N24000305,Critical,1.0,1.0,1.0,0,0,0,Remaining time vs overrun,Time overrun,Months remaining
N24000306,Critical,1.0,1.0,1.0,0,0,0,Remaining time vs overrun,Time overrun,Months remaining
N24000308,Critical,1.0,1.0,1.0,0,0,0,Remaining time vs overrun,Time overrun,Months remaining
N24000311,Critical,0.9998,0.9998,0.9998,0,0,0,Remaining time vs overrun,Time overrun,Previous expenditure ratio
N24000312,Critical,1.0,1.0,1.0,0,0,0,Original cost,Remaining time vs overrun,Months remaining
N24000313,Critical,0.9999,0.9999,0.9999,0,0,0,Remaining time vs overrun,Months remaining,3-month expenditure change
N24000314,Critical,0.9998,0.9998,0.9998,0,0,0,Remaining time vs overrun,Time overrun,Months remaining
N24000319,Critical,1.0,1.0,1.0,0,0,0,Remaining time vs overrun,Time overrun,Months remaining
N24000320,Critical,0.9999,0.9999,0.9999,0,0,0,Remaining time vs overrun,Time overrun,Previous expenditure ratio
N24000322,Critical,1.0,1.0,1.0,0,0,0,Remaining time vs overrun,Time overrun,Months remaining
N24000323,Critical,1.0,1.0,1.0,0,0,0,Remaining time vs overrun,Time overrun,Months remaining
N24000324,Critical,0.9999,0.9999,0.9999,0,0,0,Remaining time vs overrun,Time overrun,Months remaining
N24000326,Critical,0.9998,0.9998,0.9998,0,0,0,Remaining time vs overrun,Time overrun,Months remaining
N24000327,Critical,0.9998,0.9998,0.9998,0,0,0,Time overrun,Remaining time vs overrun,Previous expenditure ratio
N24000328,Critical,0.9986,0.9986,0.9986,0,0,0,Remaining time vs overrun,Time overrun,Months remaining
N24000331,Critical,1.0,1.0,1.0,0,0,0,Remaining time vs overrun,Time overrun,Expenditure ratio
N24000332,Critical,0.9998,0.9998,0.9998,0,0,0,Remaining time vs overrun,Original cost,Time overrun
N24000333,Critical,0.9995,0.9995,0.9995,0,0,0,Remaining time vs overrun,Months remaining,Time overrun
N24000334,Critical,1.0,1.0,1.0,0,0,0,Remaining time vs overrun,Months remaining,Time overrun
N24000342,Critical,0.9997,0.9997,0.9997,0,0,0,Remaining time vs overrun,Time overrun,Months remaining
N24000344,Critical,0.9997,0.9997,0.9997,0,0,0,Remaining time vs overrun,Time overrun,Months remaining
N24000349,Critical,0.9999,0.9999,0.9999,0,0,0,Remaining time vs overrun,Months remaining,Time overrun
N24000350,Critical,0.9996,0.9996,0.9996,0,0,0,Remaining time vs overrun,Time overrun,3-month expenditure change
N24000360,Critical,1.0,1.0,1.0,0,0,0,Remaining time vs overrun,Time overrun,Previous expenditure ratio
N24000367,Critical,1.0,1.0,1.0,0,0,0,Remaining time vs overrun,Time overrun,Months remaining
N24000371,Critical,0.9996,0.9996,0.9996,0,0,0,Remaining time vs overrun,Time overrun,Previous expenditure ratio
N24000378,Critical,0.9998,0.9998,0.9998,0,0,0,Remaining time vs overrun,Time overrun,Original cost
N24000382,Critical,1.0,1.0,1.0,0,0,0,Remaining time vs overrun,Time overrun,Months remaining
N24000388,Critical,1.0,1.0,1.0,0,0,0,Remaining time vs overrun,Time overrun,Months remaining
N24000391,Critical,0.9995,0.9995,0.9995,0,0,0,Time overrun,Remaining time vs overrun,Cost variance
N24000392,Critical,1.0,1.0,1.0,0,0,0,Remaining time vs overrun,Time overrun,Months remaining
N24000398,Critical,0.9999,0.9999,0.9999,0,0,0,Remaining time vs overrun,Time overrun,Previous expenditure ratio
N24000401,Critical,0.9999,0.9999,0.9999,0,0,0,Remaining time vs overrun,Time overrun,Months remaining
N24000407,Critical,0.9999,0.9999,0.9999,0,0,0,Remaining time vs overrun,Months remaining,Time overrun
N24000412,Critical,1.0,1.0,1.0,0,0,0,Remaining time vs overrun,Time overrun,Months remaining
N24000415,Critical,1.0,1.0,1.0,0,0,0,Remaining time vs overrun,Time overrun,Months remaining
N24000417,Critical,0.9998,0.9998,0.9998,0,0,0,Remaining time vs overrun,Months remaining,Time overrun
N24000422,Critical,0.9998,0.9998,0.9998,0,0,0,Remaining time vs overrun,Time overrun,Months remaining
N24000423,Critical,1.0,1.0,1.0,0,0,0,Remaining time vs overrun,Time overrun,Months remaining
N24000425,Critical,0.9975,0.9975,0.9975,0,0,0,Remaining time vs overrun,Months remaining,Time overrun
N24000426,Critical,0.9999,0.9999,0.9999,0,0,0,Remaining time vs overrun,Time overrun,Months remaining
N24000427,Critical,0.9985,0.9985,0.9985,0,0,0,Time overrun,Remaining time vs overrun,Anticipated cost
N24000431,Critical,0.9997,0.9997,0.9997,0,0,0,Remaining time vs overrun,Time overrun,Months remaining
N24000432,Critical,1.0,1.0,1.0,0,0,0,Remaining time vs overrun,Months remaining,Time overrun
N24000435,Critical,1.0,1.0,1.0,0,0,0,Remaining time vs overrun,Time overrun,Months remaining
N24000438,Critical,0.9999,0.9999,0.9999,0,0,0,Remaining time vs overrun,Time overrun,Months remaining
N24000439,Critical,1.0,1.0,1.0,0,0,0,Remaining time vs overrun,Months remaining,Time overrun
N24000441,Critical,1.0,1.0,1.0,0,0,0,Remaining time vs overrun,Time overrun,Months remaining
N24000442,Critical,1.0,1.0,1.0,0,0,0,Remaining time vs overrun,Months remaining,Time overrun
N24000443,Critical,1.0,1.0,1.0,0,0,0,Remaining time vs overrun,Time overrun,Months remaining
N24000444,Critical,0.9987,0.9987,0.9987,0,0,0,Remaining time vs overrun,Time overrun,State
N24000445,Critical,1.0,1.0,1.0,0,0,0,Remaining time vs overrun,Time overrun,Months remaining
N24000448,Critical,1.0,1.0,1.0,0,0,0,Remaining time vs overrun,Months remaining,Time overrun
N24000449,Critical,1.0,1.0,1.0,0,0,0,Remaining time vs overrun,Months remaining,Time overrun
N24000451,Critical,1.0,1.0,1.0,0,0,0,Remaining time vs overrun,Cost variance,Months remaining
N24000452,Critical,0.9997,0.9997,0.9997,0,0,0,Remaining time vs overrun,Time overrun,Previous expenditure ratio
N24000453,Critical,0.9998,0.9998,0.9998,0,0,0,Remaining time vs overrun,Time overrun,Previous expenditure ratio
N24000454,Critical,1.0,1.0,1.0,0,0,0,Remaining time vs overrun,Time overrun,Previous expenditure ratio
N24000459,Critical,0.9999,0.9999,0.9999,0,0,0,Remaining time vs overrun,Time overrun,Previous expenditure ratio
N24000460,Critical,0.9998,0.9998,0.9998,0,0,0,Remaining time vs overrun,Time overrun,Previous expenditure ratio
N24000462,Critical,1.0,1.0,1.0,0,0,0,Remaining time vs overrun,Time overrun,Months remaining
N24000463,Critical,1.0,1.0,1.0,0,0,0,Remaining time vs overrun,Time overrun,Months remaining
N24000465,Critical,0.9985,0.9985,0.9985,0,0,0,Remaining time vs overrun,Months remaining,Time overrun
N24000467,Critical,0.9999,0.9999,0.9999,0,0,0,Remaining time vs overrun,Time overrun,Expenditure ratio
N24000470,Critical,0.9999,0.9999,0.9999,0,0,0,Remaining time vs overrun,Time overrun,Months remaining
N24000471,Critical,0.9991,0.9991,0.9991,0,0,0,Remaining time vs overrun,Time overrun,3-month expenditure change
N24000473,Critical,0.9996,0.9996,0.9996,0,0,0,Remaining time vs overrun,Original cost,Time overrun
N24000475,Critical,1.0,1.0,1.0,0,0,0,Remaining time vs overrun,Months remaining,Time overrun
N24000477,Critical,1.0,1.0,1.0,0,0,0,Remaining time vs overrun,Time overrun,Months remaining
N24000478,Critical,1.0,1.0,1.0,0,0,0,Remaining time vs overrun,Months remaining,Time overrun
N24000479,Critical,1.0,1.0,1.0,0,0,0,Remaining time vs overrun,Time overrun,Months remaining
N24000480,Critical,1.0,1.0,1.0,0,0,0,Remaining time vs overrun,Time overrun,Months remaining
N24000482,Critical,1.0,1.0,1.0,0,0,0,Remaining time vs overrun,Time overrun,Months remaining
N24000483,Critical,0.9997,0.9997,0.9997,0,0,0,Time overrun,Remaining time vs overrun,Previous expenditure ratio
N24000485,Critical,0.9992,0.9992,0.9992,0,0,0,Remaining time vs overrun,Time overrun,Months remaining
N24000486,Critical,1.0,1.0,1.0,0,0,0,Remaining time vs overrun,Months remaining,Time overrun
N24000488,Critical,1.0,1.0,1.0,0,0,0,Remaining time vs overrun,Time overrun,Months remaining
N24000490,Critical,1.0,1.0,1.0,0,0,0,Remaining time vs overrun,Months remaining,Time overrun
N24000491,Critical,1.0,1.0,1.0,0,0,0,Remaining time vs overrun,Time overrun,Months remaining
N24000493,Critical,1.0,1.0,1.0,0,0,0,Remaining time vs overrun,Time overrun,Months remaining
N24000494,Critical,1.0,1.0,1.0,0,0,0,Remaining time vs overrun,Time overrun,Previous expenditure ratio
N24000495,Critical,0.9999,0.9999,0.9999,0,0,0,Remaining time vs overrun,Time overrun,Months remaining
N24000498,Critical,1.0,1.0,1.0,0,0,0,Remaining time vs overrun,Time overrun,Months remaining
N24000499,Critical,1.0,1.0,1.0,0,0,0,Remaining time vs overrun,Time overrun,Months remaining
N24000501,Critical,1.0,1.0,1.0,0,0,0,Remaining time vs overrun,Time overrun,Months remaining
N24000503,Critical,1.0,1.0,1.0,0,0,0,Remaining time vs overrun,Time overrun,Previous expenditure ratio
N24000505,Critical,1.0,1.0,1.0,0,0,0,Remaining time vs overrun,Months remaining,Time overrun
N24000506,Critical,1.0,1.0,1.0,0,0,0,Remaining time vs overrun,Time overrun,Months remaining
N24000507,Critical,1.0,1.0,1.0,0,0,0,Remaining time vs overrun,Months remaining,Time overrun
N24000508,Critical,0.9998,0.9998,0.9998,0,0,0,Remaining time vs overrun,Time overrun,Previous expenditure ratio
N24000509,Critical,0.9998,0.9998,0.9998,0,0,0,Remaining time vs overrun,Time overrun,Previous expenditure ratio
N24000510,Critical,1.0,1.0,1.0,0,0,0,Remaining time vs overrun,Months remaining,Time overrun
N24000511,Critical,1.0,1.0,1.0,0,0,0,Remaining time vs overrun,Original cost,Months remaining
N24000513,Critical,1.0,1.0,1.0,0,0,0,Remaining time vs overrun,Time overrun,Previous expenditure ratio
N24000515,Critical,1.0,1.0,1.0,0,0,0,Remaining time vs overrun,Time overrun,Months remaining
N24000516,Critical,0.9986,0.9986,0.9986,0,0,0,Remaining time vs overrun,Time overrun,State
N24000517,Critical,0.9997,0.9997,0.9997,0,0,0,Time overrun,Remaining time vs overrun,Previous expenditure ratio
N24000518,Critical,1.0,1.0,1.0,0,0,0,Remaining time vs overrun,Time overrun,Months remaining
N24000522,Critical,0.9999,0.9999,0.9999,0,0,0,Remaining time vs overrun,Time overrun,Previous expenditure ratio
N24000523,Critical,1.0,1.0,1.0,0,0,0,Time overrun,Remaining time vs overrun,Original cost
N24000527,Critical,0.9999,0.9999,0.9999,0,0,0,Remaining time vs overrun,Time overrun,Months remaining
N24000528,Critical,0.9997,0.9997,0.9997,0,0,0,Remaining time vs overrun,Time overrun,Previous expenditure ratio
N24000531,Critical,1.0,1.0,1.0,0,0,0,Remaining time vs overrun,Time overrun,Months remaining
N24000541,Critical,1.0,1.0,1.0,0,0,0,Remaining time vs overrun,Months remaining,Time overrun
N24000544,Critical,0.9997,0.9997,0.9997,0,0,0,Remaining time vs overrun,Time overrun,Previous expenditure ratio
N24000545,Critical,0.9997,0.9997,0.9997,0,0,0,Remaining time vs overrun,Time overrun,Previous expenditure ratio
N24000546,Critical,0.9999,0.9999,0.9999,0,0,0,Remaining time vs overrun,Time overrun,Expenditure ratio
N24000548,Critical,1.0,1.0,1.0,0,0,0,Remaining time vs overrun,Months remaining,Time overrun
N24000549,Critical,0.9998,0.9998,0.9998,0,0,0,Remaining time vs overrun,Time overrun,3-month expenditure change
N24000550,Critical,0.9992,0.9992,0.9992,0,0,0,Time overrun,Remaining time vs overrun,Anticipated cost
N24000551,Critical,1.0,1.0,1.0,0,0,0,Remaining time vs overrun,Time overrun,Months remaining
N24000552,Critical,0.9998,0.9998,0.9998,0,0,0,Remaining time vs overrun,Time overrun,Months remaining
N24000553,Critical,0.9999,0.9999,0.9999,0,0,0,Remaining time vs overrun,Months remaining,Time overrun
N24000554,Critical,0.9999,0.9999,0.9999,0,0,0,Remaining time vs overrun,Months remaining,Time overrun
N24000555,Critical,0.9997,0.9997,0.9997,0,0,0,Remaining time vs overrun,Months remaining,Time overrun
N24000556,Critical,1.0,1.0,1.0,0,0,0,Remaining time vs overrun,Time overrun,Months remaining
N24000557,Critical,0.9997,0.9997,0.9997,0,0,0,Remaining time vs overrun,Months remaining,Time overrun
N24000558,Critical,0.9999,0.9999,0.9999,0,0,0,Remaining time vs overrun,Time overrun,Months remaining
N24000559,Critical,0.9996,0.9996,0.9996,0,0,0,Remaining time vs overrun,Original cost,Time overrun
N24000560,Critical,1.0,1.0,1.0,0,0,0,Remaining time vs overrun,Time overrun,Months remaining
N24000564,Critical,1.0,1.0,1.0,0,0,0,Remaining time vs overrun,Time overrun,Months remaining
N24000566,Critical,1.0,1.0,1.0,0,0,0,Remaining time vs overrun,Time overrun,Months remaining
N24000567,Critical,1.0,1.0,1.0,0,0,0,Remaining time vs overrun,Months remaining,Time overrun
N24000569,Critical,0.9999,0.9999,0.9999,0,0,0,Remaining time vs overrun,Months remaining,Time overrun
N24000570,Critical,0.9999,0.9999,0.9999,0,0,0,Remaining time vs overrun,Months remaining,Time overrun
N24000572,Critical,1.0,1.0,1.0,0,0,0,Remaining time vs overrun,Time overrun,Previous expenditure ratio
N24000574,Critical,1.0,1.0,1.0,0,0,0,Remaining time vs overrun,Time overrun,Months remaining
N24000576,Critical,1.0,1.0,1.0,0,0,0,Remaining time vs overrun,Months remaining,Time overrun
N24000578,Critical,1.0,1.0,1.0,0,0,0,Remaining time vs overrun,Time overrun,Months remaining
N24000579,Critical,1.0,1.0,1.0,0,0,0,Remaining time vs overrun,Time overrun,Months remaining
N24000581,Critical,0.9998,0.9998,0.9998,0,0,0,Time overrun,Remaining time vs overrun,Previous expenditure ratio
N24000582,Critical,1.0,1.0,1.0,0,0,0,Remaining time vs overrun,Time overrun,Previous expenditure ratio
N24000583,Critical,0.9999,0.9999,0.9999,0,0,0,Remaining time vs overrun,Time overrun,Months remaining
N24000584,Critical,0.999,0.999,0.999,0,0,0,Time overrun,Remaining time vs overrun,State
N24000585,Critical,0.9987,0.9987,0.9987,0,0,0,Remaining time vs overrun,Time overrun,State
N24000586,Critical,1.0,1.0,1.0,0,0,0,Remaining time vs overrun,Months remaining,Previous expenditure ratio
N24000587,Critical,0.9996,0.9996,0.9996,0,0,0,Remaining time vs overrun,Months remaining,Time overrun
N24000589,Critical,0.9991,0.9991,0.9991,0,0,0,Remaining time vs overrun,Months remaining,Time overrun
N24000590,Critical,0.9992,0.9992,0.9992,0,0,0,Remaining time vs overrun,Time overrun,State
N24000592,Critical,0.9998,0.9998,0.9998,0,0,0,Remaining time vs overrun,Months remaining,Time overrun
N24000599,Critical,1.0,1.0,1.0,0,0,0,Remaining time vs overrun,Months remaining,Time overrun
N24000600,Critical,0.9999,0.9999,0.9999,0,0,0,Remaining time vs overrun,Months remaining,Time overrun
N24000602,Critical,1.0,1.0,1.0,0,0,0,Remaining time vs overrun,Months remaining,Time overrun
N24000603,Critical,1.0,1.0,1.0,0,0,0,Remaining time vs overrun,Months remaining,Time overrun
N24000604,Critical,0.9997,0.9997,0.9997,0,0,0,Remaining time vs overrun,Months remaining,Time overrun
N24000605,Critical,0.9999,0.9999,0.9999,0,0,0,Remaining time vs overrun,Months remaining,Time overrun
N24000606,Critical,0.9998,0.9998,0.9998,0,0,0,Remaining time vs overrun,Time overrun,State
N24000607,Critical,0.9999,0.9999,0.9999,0,0,0,Remaining time vs overrun,Months remaining,Time overrun
N24000608,Critical,0.9999,0.9999,0.9999,0,0,0,Time overrun,Remaining time vs overrun,Previous expenditure ratio
N24000610,Critical,1.0,1.0,1.0,0,0,0,Remaining time vs overrun,Months remaining,Time overrun
N24000613,Critical,1.0,1.0,1.0,0,0,0,Remaining time vs overrun,Months remaining,Time overrun
N24000616,Critical,0.9998,0.9998,0.9998,0,0,0,Remaining time vs overrun,Time overrun,Months remaining
N24000617,Critical,0.9999,0.9999,0.9999,0,0,0,Remaining time vs overrun,Time overrun,Months remaining
N24000618,Critical,0.9989,0.9989,0.9989,0,0,0,Remaining time vs overrun,Time overrun,State
N24000619,Critical,0.9999,0.9999,0.9999,0,0,0,Remaining time vs overrun,Months remaining,Time overrun
N24000620,Critical,0.9996,0.9996,0.9996,0,0,0,Remaining time vs overrun,Months remaining,Time overrun
N24000621,Critical,0.9999,0.9999,0.9999,0,0,0,Remaining time vs overrun,Time overrun,Previous expenditure ratio
N24000622,Critical,1.0,1.0,1.0,0,0,0,Remaining time vs overrun,Time overrun,Months remaining
N24000623,Critical,0.9999,0.9999,0.9999,0,0,0,Remaining time vs overrun,Time overrun,Previous expenditure ratio
N24000624,Critical,0.9999,0.9999,0.9999,0,0,0,Remaining time vs overrun,Time overrun,Previous expenditure ratio
N24000625,Critical,0.9978,0.9978,0.9978,0,0,0,Remaining time vs overrun,Months remaining,Time overrun
N24000627,Critical,0.9999,0.9999,0.9999,0,0,0,Remaining time vs overrun,Time overrun,Cost variance
N24000628,Critical,1.0,1.0,1.0,0,0,0,Remaining time vs overrun,Months remaining,Time overrun
N24000629,Critical,1.0,1.0,1.0,0,0,0,Remaining time vs overrun,Time overrun,Months remaining
N24000630,Critical,1.0,1.0,1.0,0,0,0,Remaining time vs overrun,Time overrun,Months remaining
N24000631,Critical,0.9998,0.9998,0.9998,0,0,0,Remaining time vs overrun,Time overrun,Months remaining
N24000633,Critical,0.9999,0.9999,0.9999,0,0,0,Time overrun,Remaining time vs overrun,Previous expenditure ratio
N24000634,Critical,0.9999,0.9999,0.9999,0,0,0,Remaining time vs overrun,Time overrun,Previous expenditure ratio
N24000636,Critical,0.9967,0.9967,0.9967,0,0,0,Time overrun,Remaining time vs overrun,Cumulative expenditure
N24000638,Critical,1.0,1.0,1.0,0,0,0,Remaining time vs overrun,Time overrun,Months remaining
N24000639,Critical,1.0,1.0,1.0,0,0,0,Remaining time vs overrun,Months remaining,Time overrun
N24000640,Critical,0.9997,0.9997,0.9997,0,0,0,Remaining time vs overrun,Months remaining,Time overrun
N24000645,Critical,0.9999,0.9999,0.9999,0,0,0,Remaining time vs overrun,Months remaining,Time overrun
N24000649,Critical,1.0,1.0,1.0,0,0,0,Remaining time vs overrun,Time overrun,Months remaining
N24000650,Critical,0.9999,0.9999,0.9999,0,0,0,Time overrun,Remaining time vs overrun,Previous expenditure ratio
N24000651,Critical,0.9999,0.9999,0.9999,0,0,0,Remaining time vs overrun,Months remaining,Time overrun
N24000652,Critical,0.9994,0.9994,0.9994,0,0,0,Remaining time vs overrun,Time overrun,Months remaining
N24000653,Critical,1.0,1.0,1.0,0,0,0,Remaining time vs overrun,Months remaining,Time overrun
N24000654,Critical,1.0,1.0,1.0,0,0,0,Remaining time vs overrun,Months remaining,Time overrun
N24000655,Critical,1.0,1.0,1.0,0,0,0,Remaining time vs overrun,Months remaining,Time overrun
N24000656,Critical,0.9994,0.9994,0.9994,0,0,0,Remaining time vs overrun,Time overrun,Expenditure ratio
N24000657,Critical,1.0,1.0,1.0,0,0,0,Remaining time vs overrun,Months remaining,Time overrun
N24000658,Critical,0.9999,0.9999,0.9999,0,0,0,Remaining time vs overrun,Time overrun,Previous expenditure ratio
N24000659,Critical,1.0,1.0,1.0,0,0,0,Remaining time vs overrun,Months remaining,Time overrun
N24000660,Critical,1.0,1.0,1.0,0,0,0,Remaining time vs overrun,Time overrun,Months remaining
N24000661,Critical,1.0,1.0,1.0,0,0,0,Remaining time vs overrun,Months remaining,Time overrun
N24000662,Critical,1.0,1.0,1.0,0,0,0,Remaining time vs overrun,Time overrun,Months remaining
N24000663,Critical,0.9999,0.9999,0.9999,0,0,0,Remaining time vs overrun,Months remaining,Time overrun
N24000664,Critical,1.0,1.0,1.0,0,0,0,Remaining time vs overrun,Months remaining,Time overrun
N24000665,Critical,0.9999,0.9999,0.9999,0,0,0,Remaining time vs overrun,Time overrun,State
N24000666,Critical,0.9999,0.9999,0.9999,0,0,0,Remaining time vs overrun,Cost variance,Time overrun
N24000667,Critical,0.9999,0.9999,0.9999,0,0,0,Remaining time vs overrun,Months remaining,Time overrun
N24000668,Critical,1.0,1.0,1.0,0,0,0,Remaining time vs overrun,Months remaining,Time overrun
N24000669,Critical,1.0,1.0,1.0,0,0,0,Remaining time vs overrun,Months remaining,Original cost
N24000670,Critical,0.9998,0.9998,0.9998,0,0,0,Remaining time vs overrun,Months remaining,Cost variance
N24000671,Critical,1.0,1.0,1.0,0,0,0,Remaining time vs overrun,Months remaining,Time overrun
N24000672,Critical,0.9999,0.9999,0.9999,0,0,0,Remaining time vs overrun,Time overrun,Previous expenditure ratio
N24000674,Critical,1.0,1.0,1.0,0,0,0,Remaining time vs overrun,Time overrun,Months remaining
N24000675,Critical,1.0,1.0,1.0,0,0,0,Remaining time vs overrun,Time overrun,Months remaining
N24000676,Critical,0.9999,0.9999,0.9999,0,0,0,Remaining time vs overrun,Months remaining,Time overrun
N24000677,Critical,0.9995,0.9995,0.9995,0,0,0,Remaining time vs overrun,Time overrun,Anticipated cost
N24000678,Critical,0.9999,0.9999,0.9999,0,0,0,Remaining time vs overrun,Months remaining,Time overrun
N24000679,Critical,0.9999,0.9999,0.9999,0,0,0,Remaining time vs overrun,Time overrun,Months remaining
N24000680,Critical,0.9999,0.9999,0.9999,0,0,0,Remaining time vs overrun,Time overrun,Months remaining
N24000682,Critical,1.0,1.0,1.0,0,0,0,Remaining time vs overrun,Months remaining,Time overrun
N24000683,Critical,1.0,1.0,1.0,0,0,0,Remaining time vs overrun,Months remaining,Time overrun
N24000684,Critical,0.9999,0.9999,0.9999,0,0,0,Remaining time vs overrun,Months remaining,Time overrun
N24000685,Critical,1.0,1.0,1.0,0,0,0,Remaining time vs overrun,Time overrun,Months remaining
N24000686,Critical,0.9999,0.9999,0.9999,0,0,0,Remaining time vs overrun,Time overrun,Months remaining
N24000687,Critical,0.9998,0.9998,0.9998,0,0,0,Remaining time vs overrun,Time overrun,Months remaining
N24000688,Critical,0.9988,0.9988,0.9988,0,0,0,Remaining time vs overrun,Time overrun,Previous expenditure ratio
N24000690,Critical,1.0,1.0,1.0,0,0,0,Remaining time vs overrun,Time overrun,Months remaining
N24000691,Critical,1.0,1.0,1.0,0,0,0,Remaining time vs overrun,Time overrun,Months remaining
N24000692,Critical,0.9999,0.9999,0.9999,0,0,0,Remaining time vs overrun,Time overrun,State
N24000693,Critical,1.0,1.0,1.0,0,0,0,Remaining time vs overrun,Months remaining,Time overrun
N24000694,Critical,0.9998,0.9998,0.9998,0,0,0,Remaining time vs overrun,Time overrun,Months remaining
N24000695,Critical,0.9998,0.9998,0.9998,0,0,0,Remaining time vs overrun,Time overrun,Months remaining
N24000696,Critical,1.0,1.0,1.0,0,0,0,Remaining time vs overrun,Time overrun,Months remaining
N24000697,Critical,1.0,1.0,1.0,0,0,0,Remaining time vs overrun,Time overrun,Months remaining
N24000699,Critical,0.9996,0.9996,0.9996,0,0,0,Remaining time vs overrun,Time overrun,Months remaining
N24000700,Critical,1.0,1.0,1.0,0,0,0,Remaining time vs overrun,Months remaining,Time overrun
N24000701,Critical,1.0,1.0,1.0,0,0,0,Remaining time vs overrun,Time overrun,Expenditure ratio
N24000702,Critical,0.9999,0.9999,0.9999,0,0,0,Remaining time vs overrun,Months remaining,Time overrun
N24000703,Critical,1.0,1.0,1.0,0,0,0,Remaining time vs overrun,Time overrun,Months remaining
N24000704,Critical,1.0,1.0,1.0,0,0,0,Remaining time vs overrun,Time overrun,Months remaining
N24000705,Critical,1.0,1.0,1.0,0,0,0,Remaining time vs overrun,Time overrun,Months remaining
N24000706,Critical,1.0,1.0,1.0,0,0,0,Remaining time vs overrun,Months remaining,Time overrun
N24000707,Critical,0.9998,0.9998,0.9998,0,0,0,Remaining time vs overrun,Months remaining,Time overrun
N24000708,Critical,1.0,1.0,1.0,0,0,0,Remaining time vs overrun,Time overrun,Months remaining
N24000709,Critical,1.0,1.0,1.0,0,0,0,Remaining time vs overrun,Months remaining,Time overrun
N24000711,Critical,0.9994,0.9994,0.9994,0,0,0,Remaining time vs overrun,Original cost,Time overrun
N24000712,Critical,1.0,1.0,1.0,0,0,0,Remaining time vs overrun,Time overrun,State
N24000713,Critical,0.9998,0.9998,0.9998,0,0,0,Remaining time vs overrun,Time overrun,Previous expenditure ratio
N24000714,Critical,1.0,1.0,1.0,0,0,0,Remaining time vs overrun,Cost escalation ratio,Time overrun
N24000715,Critical,0.9999,0.9999,0.9999,0,0,0,Remaining time vs overrun,Time overrun,Months remaining
N24000716,Critical,0.9977,0.9977,0.9977,0,0,0,Time overrun,Remaining time vs overrun,Original cost
N24000717,Critical,1.0,1.0,1.0,0,0,0,Remaining time vs overrun,Time overrun,Months remaining
N24000718,Critical,0.9999,0.9999,0.9999,0,0,0,Remaining time vs overrun,Time overrun,Months remaining
N24000719,Critical,1.0,1.0,1.0,0,0,0,Remaining time vs overrun,Months remaining,Time overrun
N24000721,Critical,0.9991,0.9991,0.9991,0,0,0,Remaining time vs overrun,Time overrun,State
N24000722,Critical,1.0,1.0,1.0,0,0,0,Remaining time vs overrun,Time overrun,Months remaining
N24000723,Critical,0.9999,0.9999,0.9999,0,0,0,Remaining time vs overrun,Time overrun,Months remaining
N24000724,Critical,0.9999,0.9999,0.9999,0,0,0,Remaining time vs overrun,Time overrun,Previous expenditure ratio
N24000725,Critical,1.0,1.0,1.0,0,0,0,Remaining time vs overrun,Time overrun,Months remaining
N24000726,Critical,1.0,1.0,1.0,0,0,0,Remaining time vs overrun,Time overrun,Months remaining
N24000729,Critical,0.9994,0.9994,0.9994,0,0,0,Remaining time vs overrun,Time overrun,State
N24000730,Critical,1.0,1.0,1.0,0,0,0,Remaining time vs overrun,Time overrun,Previous expenditure ratio
N24000731,Critical,1.0,1.0,1.0,0,0,0,Remaining time vs overrun,Months remaining,Time overrun
N24000732,Critical,0.9972,0.9972,0.9972,0,0,0,Time overrun,Remaining time vs overrun,Previous expenditure ratio
N24000733,Critical,0.9999,0.9999,0.9999,0,0,0,Remaining time vs overrun,Time overrun,Previous expenditure ratio
N24000734,Critical,1.0,1.0,1.0,0,0,0,Remaining time vs overrun,Time overrun,Previous expenditure ratio
N24000735,Critical,0.9966,0.9966,0.9966,0,0,0,Time overrun,Remaining time vs overrun,Previous expenditure ratio
N24000736,Critical,0.9996,0.9996,0.9996,0,0,0,Remaining time vs overrun,Time overrun,Months remaining
N24000737,Critical,0.9999,0.9999,0.9999,0,0,0,Remaining time vs overrun,Months remaining,Time overrun
N24000738,Critical,0.9997,0.9997,0.9997,0,0,0,Remaining time vs overrun,Time overrun,Months remaining
N24000739,Critical,1.0,1.0,1.0,0,0,0,Remaining time vs overrun,Time overrun,Months remaining
N24000741,Critical,1.0,1.0,1.0,0,0,0,Remaining time vs overrun,Time overrun,Months remaining
N24000742,Critical,0.9997,0.9997,0.9997,0,0,0,Remaining time vs overrun,Months remaining,Time overrun
N24000743,Critical,0.9998,0.9998,0.9998,0,0,0,Remaining time vs overrun,Months remaining,Time overrun
N24000744,Critical,0.999,0.999,0.999,0,0,0,Remaining time vs overrun,Time overrun,Anticipated cost
N24000745,Critical,0.9997,0.9997,0.9997,0,0,0,Remaining time vs overrun,Months remaining,Time overrun
N24000746,Critical,0.9999,0.9999,0.9999,0,0,0,Remaining time vs overrun,Months remaining,Time overrun
N24000748,Critical,0.9977,0.9977,0.9977,0,0,0,Remaining time vs overrun,Time overrun,Previous expenditure ratio
N24000749,Critical,1.0,1.0,1.0,0,0,0,Remaining time vs overrun,Months remaining,Time overrun
N24000752,Critical,0.9998,0.9998,0.9998,0,0,0,Remaining time vs overrun,Time overrun,Months remaining
N24000753,Critical,0.9998,0.9998,0.9998,0,0,0,Remaining time vs overrun,Time overrun,Months remaining
N24000754,Critical,0.9998,0.9998,0.9998,0,0,0,Remaining time vs overrun,Months remaining,Time overrun
N24000755,Critical,0.9999,0.9999,0.9999,0,0,0,Remaining time vs overrun,Months remaining,Time overrun
N24000756,Critical,0.9996,0.9996,0.9996,0,0,0,Remaining time vs overrun,Months remaining,Time overrun
N24000757,Critical,0.9997,0.9997,0.9997,0,0,0,Remaining time vs overrun,Months remaining,Time overrun
N24000758,Critical,0.9998,0.9998,0.9998,0,0,0,Remaining time vs overrun,Months remaining,Time overrun
N24000759,Critical,0.9999,0.9999,0.9999,0,0,0,Remaining time vs overrun,Months remaining,Time overrun
N24000760,Critical,0.9998,0.9998,0.9998,0,0,0,Remaining time vs overrun,Months remaining,Time overrun
N24000761,Critical,0.9997,0.9997,0.9997,0,0,0,Remaining time vs overrun,Months remaining,Time overrun
N24000762,Critical,0.9999,0.9999,0.9999,0,0,0,Remaining time vs overrun,Months remaining,Time overrun
N24000763,Critical,0.9998,0.9998,0.9998,0,0,0,Remaining time vs overrun,Time overrun,Months remaining
N24000764,Critical,0.9999,0.9999,0.9999,0,0,0,Remaining time vs overrun,Months remaining,Time overrun
N24000765,Critical,0.9981,0.9981,0.9981,0,0,0,Remaining time vs overrun,Time overrun,3-month expenditure change
N24000767,Critical,0.9998,0.9998,0.9998,0,0,0,Remaining time vs overrun,Time overrun,Months remaining
N24000768,Critical,0.9998,0.9998,0.9998,0,0,0,Remaining time vs overrun,Months remaining,Time overrun
N24000771,Critical,0.9995,0.9995,0.9995,0,0,0,Remaining time vs overrun,Months remaining,Time overrun
N24000772,Critical,0.9999,0.9999,0.9999,0,0,0,Remaining time vs overrun,Months remaining,Time overrun
N24000773,Critical,0.9971,0.9971,0.9971,0,0,0,Remaining time vs overrun,Time overrun,Months remaining
N24000774,Critical,0.9999,0.9999,0.9999,0,0,0,Remaining time vs overrun,Months remaining,Time overrun
N24000775,Critical,0.9998,0.9998,0.9998,0,0,0,Remaining time vs overrun,Months remaining,Time overrun
N24000776,Critical,0.9999,0.9999,0.9999,0,0,0,Remaining time vs overrun,Months remaining,Time overrun
N24000777,Critical,0.999,0.999,0.999,0,0,0,Remaining time vs overrun,Time overrun,Months remaining
N24000778,Critical,0.9999,0.9999,0.9999,0,0,0,Remaining time vs overrun,Months remaining,Time overrun
N24000779,Critical,0.9998,0.9998,0.9998,0,0,0,Remaining time vs overrun,Months remaining,Time overrun
N24000780,Critical,0.9983,0.9983,0.9983,0,0,0,Time overrun,Remaining time vs overrun,Previous expenditure ratio
N24000781,Critical,0.9998,0.9998,0.9998,0,0,0,Remaining time vs overrun,Months remaining,Time overrun
N24000782,Critical,0.9987,0.9987,0.9987,0,0,0,Original cost,Time overrun,Remaining time vs overrun
N24000783,Critical,0.9993,0.9993,0.9993,0,0,0,Remaining time vs overrun,Time overrun,State
N24000784,Critical,0.9999,0.9999,0.9999,0,0,0,Remaining time vs overrun,Time overrun,Months remaining
N24000785,Critical,0.9998,0.9998,0.9998,0,0,0,Remaining time vs overrun,Time overrun,Months remaining
N24000787,Critical,1.0,1.0,1.0,0,0,0,Remaining time vs overrun,Time overrun,Months remaining
N24000788,Critical,1.0,1.0,1.0,0,0,0,Remaining time vs overrun,Time overrun,Previous expenditure ratio
N24000789,Critical,1.0,1.0,1.0,0,0,0,Remaining time vs overrun,Months remaining,Time overrun
N24000790,Critical,0.9987,0.9987,0.9987,0,0,0,Time overrun,Remaining time vs overrun,3-month expenditure change
N24000791,Critical,1.0,1.0,1.0,0,0,0,Remaining time vs overrun,Time overrun,Previous expenditure ratio
N24000792,Critical,1.0,1.0,1.0,0,0,0,Remaining time vs overrun,Time overrun,Months remaining
N24000795,Critical,1.0,1.0,1.0,0,0,0,Remaining time vs overrun,Time overrun,Months remaining
N24000796,Critical,1.0,1.0,1.0,0,0,0,Remaining time vs overrun,Months remaining,Time overrun
N24000798,Critical,1.0,1.0,1.0,0,0,0,Remaining time vs overrun,Time overrun,Months remaining
N24000799,Critical,0.9999,0.9999,0.9999,0,0,0,Remaining time vs overrun,Time overrun,State
N24000801,Critical,0.9998,0.9998,0.9998,0,0,0,Remaining time vs overrun,Time overrun,Months remaining
N24000804,Critical,0.9994,0.9994,0.9994,0,0,0,Remaining time vs overrun,Months remaining,Time overrun
N24000807,Critical,1.0,1.0,1.0,0,0,0,Remaining time vs overrun,Months remaining,Time overrun
N24000809,Critical,1.0,1.0,1.0,0,0,0,Remaining time vs overrun,Time overrun,Previous expenditure ratio
N24000810,Critical,0.9998,0.9998,0.9998,0,0,0,Remaining time vs overrun,Time overrun,Previous expenditure ratio
N24000811,Critical,0.9997,0.9997,0.9997,0,0,0,Remaining time vs overrun,Time overrun,Months remaining
N24000813,Critical,1.0,1.0,1.0,0,0,0,Remaining time vs overrun,Months remaining,Time overrun
N24000814,Critical,0.9997,0.9997,0.9997,0,0,0,Time overrun,Remaining time vs overrun,State
N24000815,Critical,1.0,1.0,1.0,0,0,0,Remaining time vs overrun,Time overrun,State
N24000820,Critical,0.9999,0.9999,0.9999,0,0,0,Remaining time vs overrun,Months remaining,Time overrun
N24000821,Critical,1.0,1.0,1.0,0,0,0,Remaining time vs overrun,Months remaining,Time overrun
N24000823,Critical,1.0,1.0,1.0,0,0,0,Remaining time vs overrun,Time overrun,Months remaining
N24000824,Critical,0.9998,0.9998,0.9998,0,0,0,Remaining time vs overrun,Months remaining,Time overrun
N24000825,Critical,0.9996,0.9996,0.9996,0,0,0,Remaining time vs overrun,Time overrun,Months remaining
N24000826,Critical,0.9996,0.9996,0.9996,0,0,0,Remaining time vs overrun,Time overrun,Months remaining
N24000827,Critical,1.0,1.0,1.0,0,0,0,Remaining time vs overrun,Time overrun,Months remaining
N24000828,Critical,0.9997,0.9997,0.9997,0,0,0,Remaining time vs overrun,Time overrun,Months remaining
N24000829,Critical,0.9994,0.9994,0.9994,0,0,0,Time overrun,Remaining time vs overrun,Anticipated cost
N24000833,Critical,0.9996,0.9996,0.9996,0,0,0,Remaining time vs overrun,Time overrun,State
N24000834,Critical,0.9997,0.9997,0.9997,0,0,0,Remaining time vs overrun,Time overrun,Months remaining
N24000835,Critical,1.0,1.0,1.0,0,0,0,Remaining time vs overrun,Months remaining,Time overrun
N24000838,Critical,0.9997,0.9997,0.9997,0,0,0,Time overrun,Remaining time vs overrun,Cost variance
N24000839,Critical,0.9995,0.9995,0.9995,0,0,0,Remaining time vs overrun,Time overrun,State
N24000841,Critical,0.9996,0.9996,0.9996,0,0,0,Remaining time vs overrun,Time overrun,Cost variance
N24000844,Critical,1.0,1.0,1.0,0,0,0,Remaining time vs overrun,Time overrun,Months remaining
N24000845,Critical,1.0,1.0,1.0,0,0,0,Remaining time vs overrun,Time overrun,Months remaining
N24000847,Critical,0.9997,0.9997,0.9997,0,0,0,Remaining time vs overrun,Time overrun,State
N24000849,Critical,0.9995,0.9995,0.9995,0,0,0,Remaining time vs overrun,Time overrun,State
N24000851,Critical,0.9999,0.9999,0.9999,0,0,0,Remaining time vs overrun,Time overrun,Months remaining
N24000852,Critical,1.0,1.0,1.0,0,0,0,Remaining time vs overrun,Time overrun,Months remaining
N24000853,Critical,0.9998,0.9998,0.9998,0,0,0,Remaining time vs overrun,Time overrun,Anticipated cost
N24000854,Critical,1.0,1.0,1.0,0,0,0,Remaining time vs overrun,Months remaining,Time overrun
N24000855,Critical,0.9995,0.9995,0.9995,0,0,0,Remaining time vs overrun,Time overrun,Cumulative expenditure
N24000857,Critical,1.0,1.0,1.0,0,0,0,Remaining time vs overrun,Time overrun,Months remaining
N24000858,Critical,0.9999,0.9999,0.9999,0,0,0,Remaining time vs overrun,Months remaining,Time overrun
N24000859,Critical,0.9999,0.9999,0.9999,0,0,0,Remaining time vs overrun,Months remaining,Time overrun
N24000861,Critical,0.9999,0.9999,0.9999,0,0,0,Remaining time vs overrun,Time overrun,Months remaining
N24000862,Critical,1.0,1.0,1.0,0,0,0,Remaining time vs overrun,Time overrun,Months remaining
N24000863,Critical,1.0,1.0,1.0,0,0,0,Remaining time vs overrun,Time overrun,Months remaining
N24000864,Critical,1.0,1.0,1.0,0,0,0,Remaining time vs overrun,Time overrun,Months remaining
N24000865,Critical,1.0,1.0,1.0,0,0,0,Remaining time vs overrun,Time overrun,Months remaining
N24000866,Critical,0.9999,0.9999,0.9999,0,0,0,Remaining time vs overrun,Months remaining,Time overrun
N24000867,Critical,0.9999,0.9999,0.9999,0,0,0,Remaining time vs overrun,Time overrun,Months remaining
N24000868,Critical,0.9998,0.9998,0.9998,0,0,0,Remaining time vs overrun,Time overrun,State
N24000869,Critical,1.0,1.0,1.0,0,0,0,Remaining time vs overrun,Time overrun,Months remaining
N24000870,Critical,1.0,1.0,1.0,0,0,0,Remaining time vs overrun,Original cost,Time overrun
N24000871,Critical,0.9999,0.9999,0.9999,0,0,0,Remaining time vs overrun,Time overrun,Months remaining
N24000872,Critical,1.0,1.0,1.0,0,0,0,Remaining time vs overrun,Months remaining,Time overrun
N24000873,Critical,1.0,1.0,1.0,0,0,0,Remaining time vs overrun,Months remaining,Time overrun
N24000874,Critical,0.9997,0.9997,0.9997,0,0,0,Remaining time vs overrun,Time overrun,Months remaining
N24000875,Critical,0.9999,0.9999,0.9999,0,0,0,Remaining time vs overrun,Time overrun,Original cost
N24000876,Critical,0.9998,0.9998,0.9998,0,0,0,Remaining time vs overrun,Months remaining,Time overrun
N24000877,Critical,0.9996,0.9996,0.9996,0,0,0,Remaining time vs overrun,Months remaining,Time overrun
N24000878,Critical,0.9999,0.9999,0.9999,0,0,0,Remaining time vs overrun,Months remaining,Time overrun
N24000879,Critical,0.9988,0.9988,0.9988,0,0,0,Remaining time vs overrun,Months remaining,Time overrun
N24000880,Critical,1.0,1.0,1.0,0,0,0,Remaining time vs overrun,Time overrun,Months remaining
N24000881,Critical,0.9999,0.9999,0.9999,0,0,0,Remaining time vs overrun,Months remaining,Time overrun
N24000882,Critical,0.9998,0.9998,0.9998,0,0,0,Remaining time vs overrun,Months remaining,Time overrun
N24000883,Critical,0.9998,0.9998,0.9998,0,0,0,Remaining time vs overrun,Months remaining,Time overrun
N24000884,Critical,0.9999,0.9999,0.9999,0,0,0,Remaining time vs overrun,Months remaining,Time overrun
N24000885,Critical,1.0,1.0,1.0,0,0,0,Remaining time vs overrun,Original cost,Months remaining
N24000886,Critical,0.9999,0.9999,0.9999,0,0,0,Remaining time vs overrun,Months remaining,Time overrun
N24000887,Critical,1.0,1.0,1.0,0,0,0,Remaining time vs overrun,Time overrun,Months remaining
N24000888,Critical,0.9999,0.9999,0.9999,0,0,0,Remaining time vs overrun,Time overrun,Months remaining
N24000889,Critical,0.9999,0.9999,0.9999,0,0,0,Remaining time vs overrun,Time overrun,Months remaining
N24000890,Critical,1.0,1.0,1.0,0,0,0,Remaining time vs overrun,Time overrun,Months remaining
N24000891,Critical,0.9999,0.9999,0.9999,0,0,0,Remaining time vs overrun,Time overrun,Months remaining
N24000892,Critical,1.0,1.0,1.0,0,0,0,Remaining time vs overrun,Time overrun,Months remaining
N24000893,Critical,0.9999,0.9999,0.9999,0,0,0,Remaining time vs overrun,Months remaining,Time overrun
N24000894,Critical,0.9999,0.9999,0.9999,0,0,0,Remaining time vs overrun,Months remaining,Time overrun
N24000895,Critical,0.9998,0.9998,0.9998,0,0,0,Remaining time vs overrun,Months remaining,Time overrun
N24000896,Critical,0.9999,0.9999,0.9999,0,0,0,Remaining time vs overrun,Months remaining,Time overrun
N24000898,Critical,1.0,1.0,1.0,0,0,0,Remaining time vs overrun,Time overrun,Months remaining
N24000899,Critical,1.0,1.0,1.0,0,0,0,Remaining time vs overrun,Months remaining,Time overrun
N24000902,Critical,0.9997,0.9997,0.9997,0,0,0,Remaining time vs overrun,Original cost,Time overrun
N24000903,Critical,0.9996,0.9996,0.9996,0,0,0,Remaining time vs overrun,Months remaining,Time overrun
N24000904,Critical,0.9999,0.9999,0.9999,0,0,0,Remaining time vs overrun,Months remaining,Time overrun
N24000905,Critical,0.9999,0.9999,0.9999,0,0,0,Remaining time vs overrun,Months remaining,Time overrun
N24000906,Critical,0.9999,0.9999,0.9999,0,0,0,Remaining time vs overrun,Months remaining,Time overrun
N24000907,Critical,1.0,1.0,1.0,0,0,0,Remaining time vs overrun,Time overrun,Months remaining
N24000908,Critical,0.9999,0.9999,0.9999,0,0,0,Remaining time vs overrun,Months remaining,Time overrun
N24000909,Critical,0.9999,0.9999,0.9999,0,0,0,Remaining time vs overrun,Time overrun,Cumulative expenditure
N24000910,Critical,1.0,1.0,1.0,0,0,0,Remaining time vs overrun,Months remaining,Time overrun
N24000912,Critical,1.0,1.0,1.0,0,0,0,Remaining time vs overrun,Time overrun,Expenditure ratio
N24000913,Critical,0.9998,0.9998,0.9998,0,0,0,Remaining time vs overrun,Months remaining,Time overrun
N24000914,Critical,0.9999,0.9999,0.9999,0,0,0,Remaining time vs overrun,Time overrun,Previous expenditure ratio
N24000915,Critical,1.0,1.0,1.0,0,0,0,Remaining time vs overrun,Time overrun,Months remaining
N24000916,Critical,0.9999,0.9999,0.9999,0,0,0,Remaining time vs overrun,Months remaining,Time overrun
N24000917,Critical,0.9999,0.9999,0.9999,0,0,0,Remaining time vs overrun,Time overrun,Months remaining
N24000922,Critical,1.0,1.0,1.0,0,0,0,Remaining time vs overrun,Months remaining,Time overrun
N24000925,Critical,1.0,1.0,1.0,0,0,0,Remaining time vs overrun,Cost variance,Months remaining
N24000926,Critical,1.0,1.0,1.0,0,0,0,Remaining time vs overrun,Months remaining,Time overrun
N24000927,Critical,0.9993,0.9993,0.9993,0,0,0,Remaining time vs overrun,Months remaining,Time overrun
N24000928,Critical,1.0,1.0,1.0,0,0,0,Remaining time vs overrun,Time overrun,Months remaining
N24000929,Critical,0.9999,0.9999,0.9999,0,0,0,Remaining time vs overrun,Time overrun,Previous expenditure ratio
N24000930,Critical,0.9999,0.9999,0.9999,0,0,0,Remaining time vs overrun,Months remaining,Time overrun
N24000931,Critical,1.0,1.0,1.0,0,0,0,Remaining time vs overrun,Time overrun,Months remaining
N24000932,Critical,0.9985,0.9985,0.9985,0,0,0,Remaining time vs overrun,Time overrun,Anticipated cost
N24000933,Critical,1.0,1.0,1.0,0,0,0,Remaining time vs overrun,Time overrun,Previous expenditure ratio
N24000934,Critical,1.0,1.0,1.0,0,0,0,Remaining time vs overrun,Time overrun,Months remaining
N24000936,Critical,1.0,1.0,1.0,0,0,0,Remaining time vs overrun,Months remaining,Time overrun
N24000937,Critical,1.0,1.0,1.0,0,0,0,Remaining time vs overrun,Months remaining,Time overrun
N24000938,Critical,1.0,1.0,1.0,0,0,0,Remaining time vs overrun,Time overrun,Cost variance
N24000939,Critical,1.0,1.0,1.0,0,0,0,Remaining time vs overrun,Time overrun,Months remaining
N24000940,Critical,0.9988,0.9988,0.9988,0,0,0,Remaining time vs overrun,Time overrun,State
N24000941,Critical,0.9976,0.9976,0.9976,0,0,0,Time overrun,Remaining time vs overrun,Months remaining
N24000942,Critical,0.9998,0.9998,0.9998,0,0,0,Remaining time vs overrun,Months remaining,Time overrun
N24000943,Critical,0.9999,0.9999,0.9999,0,0,0,Remaining time vs overrun,Time overrun,State
N24000944,Critical,0.9998,0.9998,0.9998,0,0,0,Remaining time vs overrun,Months remaining,Time overrun
N24000946,Critical,0.9998,0.9998,0.9998,0,0,0,Remaining time vs overrun,Time overrun,Months remaining
N24000948,Critical,1.0,1.0,1.0,0,0,0,Remaining time vs overrun,Time overrun,Months remaining
N24000949,Critical,0.9998,0.9998,0.9998,0,0,0,Remaining time vs overrun,Time overrun,Months remaining
N24000950,Critical,0.9999,0.9999,0.9999,0,0,0,Remaining time vs overrun,Time overrun,Months remaining
N24000957,Critical,1.0,1.0,1.0,0,0,0,Remaining time vs overrun,Original cost,Months remaining
N24000958,Critical,0.9997,0.9997,0.9997,0,0,0,Remaining time vs overrun,Months remaining,Time overrun
N24000959,Critical,0.9999,0.9999,0.9999,0,0,0,Remaining time vs overrun,Months remaining,Time overrun
N24000962,Critical,1.0,1.0,1.0,0,0,0,Remaining time vs overrun,Months remaining,Time overrun
N24000963,Critical,0.9999,0.9999,0.9999,0,0,0,Remaining time vs overrun,Time overrun,Previous expenditure ratio
N24000964,Critical,1.0,1.0,1.0,0,0,0,Remaining time vs overrun,Time overrun,Previous expenditure ratio
N24000965,Critical,1.0,1.0,1.0,0,0,0,Remaining time vs overrun,Time overrun,Months remaining
N24000966,Critical,0.9999,0.9999,0.9999,0,0,0,Remaining time vs overrun,Months remaining,Time overrun
N24000967,Critical,0.9999,0.9999,0.9999,0,0,0,Remaining time vs overrun,Time overrun,Previous expenditure ratio
N24000968,Critical,0.9996,0.9996,0.9996,0,0,0,Remaining time vs overrun,Time overrun,Months remaining
N24000969,Critical,1.0,1.0,1.0,0,0,0,Remaining time vs overrun,Time overrun,Previous expenditure ratio
N24000970,Critical,1.0,1.0,1.0,0,0,0,Remaining time vs overrun,Time overrun,Months remaining
N24000971,Critical,0.9996,0.9996,0.9996,0,0,0,Remaining time vs overrun,Time overrun,Months remaining
N24000972,Critical,0.9998,0.9998,0.9998,0,0,0,Remaining time vs overrun,Time overrun,Original cost
N24000973,Critical,0.9995,0.9995,0.9995,0,0,0,Remaining time vs overrun,Time overrun,Original cost
N24000974,Critical,0.9969,0.9969,0.9969,0,0,0,Remaining time vs overrun,Time overrun,Expenditure ratio
N24000975,Critical,0.9982,0.9982,0.9982,0,0,0,Remaining time vs overrun,Time overrun,State
N24000979,Critical,0.9997,0.9997,0.9997,0,0,0,Remaining time vs overrun,Time overrun,Months remaining
N24000980,Critical,0.9995,0.9995,0.9995,0,0,0,Remaining time vs overrun,Months remaining,Time overrun
N24000981,Critical,0.9992,0.9992,0.9992,0,0,0,Remaining time vs overrun,Months remaining,Time overrun
N24000982,Critical,0.9992,0.9992,0.9992,0,0,0,Remaining time vs overrun,Months remaining,Time overrun
N24000983,Critical,0.9996,0.9996,0.9996,0,0,0,Remaining time vs overrun,Months remaining,Time overrun
N24000984,Critical,0.9999,0.9999,0.9999,0,0,0,Remaining time vs overrun,Months remaining,Time overrun
N24000985,Critical,0.9997,0.9997,0.9997,0,0,0,Remaining time vs overrun,Months remaining,Time overrun
N24000986,Critical,0.9993,0.9993,0.9993,0,0,0,Remaining time vs overrun,Months remaining,Time overrun
N24000987,Critical,0.9992,0.9992,0.9992,0,0,0,Remaining time vs overrun,Time overrun,Months remaining
N24000988,Critical,0.9983,0.9983,0.9983,0,0,0,Time overrun,Remaining time vs overrun,Months remaining
N24000989,Critical,0.9999,0.9999,0.9999,0,0,0,Remaining time vs overrun,Months remaining,Time overrun
N24000990,Critical,0.9993,0.9993,0.9993,0,0,0,Remaining time vs overrun,Months remaining,Time overrun
N24000991,Critical,1.0,1.0,1.0,0,0,0,Remaining time vs overrun,Time overrun,Months remaining
N24000992,Critical,0.9981,0.9981,0.9981,0,0,0,Remaining time vs overrun,Months remaining,Time overrun
N24000993,Critical,0.997,0.997,0.997,0,0,0,Time overrun,Remaining time vs overrun,Months remaining
N24000994,Critical,0.9988,0.9988,0.9988,0,0,0,Remaining time vs overrun,Time overrun,Cumulative expenditure
N24000996,Critical,0.9988,0.9988,0.9988,0,0,0,Remaining time vs overrun,Months remaining,Time overrun
N24000997,Critical,0.9999,0.9999,0.9999,0,0,0,Remaining time vs overrun,Months remaining,Time overrun
N24000998,Critical,0.9997,0.9997,0.9997,0,0,0,Remaining time vs overrun,Time overrun,Previous expenditure ratio
N24000999,Critical,0.9995,0.9995,0.9995,0,0,0,Remaining time vs overrun,Months remaining,Time overrun
N24001001,Critical,1.0,1.0,1.0,0,0,0,Remaining time vs overrun,Time overrun,Months remaining
N24001002,Critical,0.9996,0.9996,0.9996,0,0,0,Remaining time vs overrun,Months remaining,Time overrun
N24001003,Critical,1.0,1.0,1.0,0,0,0,Remaining time vs overrun,Time overrun,Expenditure ratio
N24001004,Critical,0.9999,0.9999,0.9999,0,0,0,Remaining time vs overrun,Time overrun,Months remaining
N24001005,Critical,0.9999,0.9999,0.9999,0,0,0,Remaining time vs overrun,Months remaining,Time overrun
N24001006,Critical,0.9999,0.9999,0.9999,0,0,0,Remaining time vs overrun,Time overrun,Months remaining
N24001007,Critical,0.9999,0.9999,0.9999,0,0,0,Remaining time vs overrun,Time overrun,Months remaining
N24001008,Critical,0.9997,0.9997,0.9997,0,0,0,Remaining time vs overrun,Time overrun,Months remaining
N24001009,Critical,0.9999,0.9999,0.9999,0,0,0,Remaining time vs overrun,Months remaining,Time overrun
N24001010,Critical,1.0,1.0,1.0,0,0,0,Remaining time vs overrun,Time overrun,Months remaining
N24001011,Critical,0.9999,0.9999,0.9999,0,0,0,Remaining time vs overrun,Months remaining,Time overrun
N24001012,Critical,0.9997,0.9997,0.9997,0,0,0,Remaining time vs overrun,Months remaining,Time overrun
N24001013,Critical,0.9998,0.9998,0.9998,0,0,0,Remaining time vs overrun,Months remaining,Time overrun
N24001014,Critical,0.9999,0.9999,0.9999,0,0,0,Remaining time vs overrun,Months remaining,Time overrun
N24001015,Critical,0.9999,0.9999,0.9999,0,0,0,Remaining time vs overrun,Time overrun,Months remaining
N24001016,Critical,0.9998,0.9998,0.9998,0,0,0,Remaining time vs overrun,Months remaining,Time overrun
N24001017,Critical,0.9999,0.9999,0.9999,0,0,0,Remaining time vs overrun,Months remaining,Time overrun
N24001018,Critical,0.9993,0.9993,0.9993,0,0,0,Remaining time vs overrun,Months remaining,Time overrun
N24001019,Critical,0.9998,0.9998,0.9998,0,0,0,Remaining time vs overrun,Months remaining,Time overrun
N24001021,Critical,0.9998,0.9998,0.9998,0,0,0,Remaining time vs overrun,Months remaining,Time overrun
N24001022,Critical,0.9997,0.9997,0.9997,0,0,0,Remaining time vs overrun,Months remaining,Time overrun
N24001023,Critical,0.9999,0.9999,0.9999,0,0,0,Remaining time vs overrun,Months remaining,Time overrun
N24001024,Critical,1.0,1.0,1.0,0,0,0,Remaining time vs overrun,Time overrun,Months remaining
N24001025,Critical,0.9999,0.9999,0.9999,0,0,0,Remaining time vs overrun,Months remaining,Time overrun
N24001026,Critical,0.9999,0.9999,0.9999,0,0,0,Remaining time vs overrun,Months remaining,Time overrun
N24001027,Critical,1.0,1.0,1.0,0,0,0,Remaining time vs overrun,Original cost,Months remaining
N24001028,Critical,1.0,1.0,1.0,0,0,0,Remaining time vs overrun,Months remaining,Time overrun
N24001029,Critical,0.9999,0.9999,0.9999,0,0,0,Remaining time vs overrun,Time overrun,Months remaining
N24001030,Critical,0.9999,0.9999,0.9999,0,0,0,Remaining time vs overrun,Months remaining,Time overrun
N24001031,Critical,1.0,1.0,1.0,0,0,0,Remaining time vs overrun,Months remaining,Time overrun
N24001032,Critical,0.9999,0.9999,0.9999,0,0,0,Remaining time vs overrun,Months remaining,Time overrun
N24001033,Critical,0.9998,0.9998,0.9998,0,0,0,Remaining time vs overrun,Time overrun,Months remaining
N24001034,Critical,0.9999,0.9999,0.9999,0,0,0,Remaining time vs overrun,Time overrun,Months remaining
N24001035,Critical,0.9999,0.9999,0.9999,0,0,0,Remaining time vs overrun,Months remaining,Time overrun
N24001036,Critical,0.9989,0.9989,0.9989,0,0,0,Remaining time vs overrun,Months remaining,Time overrun
N24001037,Critical,0.9998,0.9998,0.9998,0,0,0,Remaining time vs overrun,Months remaining,Time overrun
N24001038,Critical,0.9998,0.9998,0.9998,0,0,0,Remaining time vs overrun,Time overrun,Months remaining
N24001039,Critical,0.9995,0.9995,0.9995,0,0,0,Remaining time vs overrun,Time overrun,State
N24001040,Critical,0.9998,0.9998,0.9998,0,0,0,Remaining time vs overrun,Time overrun,Months remaining
N24001041,Critical,0.9999,0.9999,0.9999,0,0,0,Remaining time vs overrun,Months remaining,Time overrun
N24001042,Critical,0.9999,0.9999,0.9999,0,0,0,Remaining time vs overrun,Months remaining,Time overrun
N24001043,Critical,0.9999,0.9999,0.9999,0,0,0,Remaining time vs overrun,Months remaining,Time overrun
N24001044,Critical,0.999,0.999,0.999,0,0,0,Remaining time vs overrun,Months remaining,Time overrun
N24001045,Critical,0.9999,0.9999,0.9999,0,0,0,Remaining time vs overrun,Months remaining,Time overrun
N24001046,Critical,1.0,1.0,1.0,0,0,0,Remaining time vs overrun,Time overrun,Months remaining
N24001047,Critical,0.9999,0.9999,0.9999,0,0,0,Remaining time vs overrun,Months remaining,Time overrun
N24001048,Critical,0.9999,0.9999,0.9999,0,0,0,Remaining time vs overrun,Months remaining,Time overrun
N24001049,Critical,0.9999,0.9999,0.9999,0,0,0,Remaining time vs overrun,Months remaining,Time overrun
N24001050,Critical,0.9999,0.9999,0.9999,0,0,0,Remaining time vs overrun,Months remaining,Time overrun
N24001051,Critical,0.9998,0.9998,0.9998,0,0,0,Remaining time vs overrun,Time overrun,State
N24001052,Critical,0.9999,0.9999,0.9999,0,0,0,Remaining time vs overrun,Months remaining,Time overrun
N24001053,Critical,0.9998,0.9998,0.9998,0,0,0,Remaining time vs overrun,Months remaining,Time overrun
N24001054,Critical,0.9999,0.9999,0.9999,0,0,0,Remaining time vs overrun,Time overrun,Months remaining
N24001055,Critical,0.9999,0.9999,0.9999,0,0,0,Remaining time vs overrun,Months remaining,Time overrun
N24001056,Critical,0.9999,0.9999,0.9999,0,0,0,Remaining time vs overrun,Time overrun,Months remaining
N24001057,Critical,0.9999,0.9999,0.9999,0,0,0,Remaining time vs overrun,Months remaining,Time overrun
N24001058,Critical,0.9999,0.9999,0.9999,0,0,0,Remaining time vs overrun,Months remaining,Time overrun
N24001059,Critical,0.9996,0.9996,0.9996,0,0,0,Remaining time vs overrun,Months remaining,Time overrun
N24001060,Critical,0.9999,0.9999,0.9999,0,0,0,Remaining time vs overrun,Months remaining,Time overrun
N24001061,Critical,0.9999,0.9999,0.9999,0,0,0,Remaining time vs overrun,Months remaining,Time overrun
N24001062,Critical,0.9999,0.9999,0.9999,0,0,0,Remaining time vs overrun,Months remaining,Time overrun
N24001063,Critical,1.0,1.0,1.0,0,0,0,Remaining time vs overrun,Months remaining,Time overrun
N24001064,Critical,1.0,1.0,1.0,0,0,0,Remaining time vs overrun,Months remaining,Time overrun
N24001065,Critical,0.9999,0.9999,0.9999,0,0,0,Original cost,Remaining time vs overrun,Time overrun
N24001066,Critical,0.9999,0.9999,0.9999,0,0,0,Remaining time vs overrun,Months remaining,Time overrun
N24001067,Critical,0.9999,0.9999,0.9999,0,0,0,Remaining time vs overrun,Months remaining,Time overrun
N24001068,Critical,0.9999,0.9999,0.9999,0,0,0,Remaining time vs overrun,Months remaining,Time overrun
N24001069,Critical,0.9996,0.9996,0.9996,0,0,0,Remaining time vs overrun,Months remaining,Time overrun
N24001070,Critical,0.9985,0.9985,0.9985,0,0,0,Remaining time vs overrun,Months remaining,Time overrun
N24001071,Critical,0.9999,0.9999,0.9999,0,0,0,Remaining time vs overrun,Time overrun,Months remaining
N24001072,Critical,0.9983,0.9983,0.9983,0,0,0,Remaining time vs overrun,Months remaining,Time overrun
N24001073,Critical,0.9999,0.9999,0.9999,0,0,0,Original cost,Remaining time vs overrun,Time overrun
N24001074,Critical,0.9999,0.9999,0.9999,0,0,0,Remaining time vs overrun,Months remaining,Time overrun
N24001075,Critical,0.9998,0.9998,0.9998,0,0,0,Original cost,Remaining time vs overrun,Time overrun
N24001076,Critical,0.9995,0.9995,0.9995,0,0,0,Remaining time vs overrun,Months remaining,Time overrun
N24001077,Critical,0.9998,0.9998,0.9998,0,0,0,Remaining time vs overrun,Time overrun,Previous expenditure ratio
N24001078,Critical,0.9998,0.9998,0.9998,0,0,0,Remaining time vs overrun,Months remaining,Time overrun
N24001079,Critical,0.9999,0.9999,0.9999,0,0,0,Remaining time vs overrun,Time overrun,Months remaining
N24001080,Critical,1.0,1.0,1.0,0,0,0,Remaining time vs overrun,Months remaining,Time overrun
N24001081,Critical,0.9999,0.9999,0.9999,0,0,0,Remaining time vs overrun,Months remaining,Time overrun
N24001082,Critical,0.9999,0.9999,0.9999,0,0,0,Remaining time vs overrun,Months remaining,Time overrun
N24001083,Critical,0.9998,0.9998,0.9998,0,0,0,Remaining time vs overrun,Months remaining,Time overrun
N24001084,Critical,0.9999,0.9999,0.9999,0,0,0,Remaining time vs overrun,Months remaining,Time overrun
N24001085,Critical,0.9998,0.9998,0.9998,0,0,0,Remaining time vs overrun,Months remaining,Time overrun
N24001086,Critical,0.9998,0.9998,0.9998,0,0,0,Remaining time vs overrun,Months remaining,Time overrun
N24001087,Critical,1.0,1.0,1.0,0,0,0,Remaining time vs overrun,Months remaining,Time overrun
N24001088,Critical,1.0,1.0,1.0,0,0,0,Remaining time vs overrun,Months remaining,Time overrun
N24001089,Critical,0.9999,0.9999,0.9999,0,0,0,Remaining time vs overrun,Months remaining,Time overrun
N24001090,Critical,0.9998,0.9998,0.9998,0,0,0,Remaining time vs overrun,Months remaining,Time overrun
N24001091,Critical,1.0,1.0,1.0,0,0,0,Remaining time vs overrun,Time overrun,Months remaining
N24001092,Critical,0.9998,0.9998,0.9998,0,0,0,Remaining time vs overrun,Months remaining,Time overrun
N24001093,Critical,0.9999,0.9999,0.9999,0,0,0,Remaining time vs overrun,Months remaining,Time overrun
N24001094,Critical,0.9996,0.9996,0.9996,0,0,0,Remaining time vs overrun,Months remaining,Time overrun
N24001095,Critical,0.9995,0.9995,0.9995,0,0,0,Remaining time vs overrun,Time overrun,State
N24001096,Critical,0.9999,0.9999,0.9999,0,0,0,Remaining time vs overrun,Months remaining,Time overrun
N24001097,Critical,0.9995,0.9995,0.9995,0,0,0,Remaining time vs overrun,Months remaining,Time overrun
N24001098,Critical,1.0,1.0,1.0,0,0,0,Remaining time vs overrun,Months remaining,Time overrun
N24001099,Critical,0.9999,0.9999,0.9999,0,0,0,Remaining time vs overrun,Months remaining,Time overrun
N24001100,Critical,0.9999,0.9999,0.9999,0,0,0,Remaining time vs overrun,Months remaining,Time overrun
N24001101,Critical,0.9999,0.9999,0.9999,0,0,0,Remaining time vs overrun,Months remaining,Time overrun
N24001102,Critical,0.9999,0.9999,0.9999,0,0,0,Remaining time vs overrun,Months remaining,Time overrun
N24001103,Critical,0.9999,0.9999,0.9999,0,0,0,Remaining time vs overrun,Months remaining,Time overrun
N24001104,Critical,0.9999,0.9999,0.9999,0,0,0,Remaining time vs overrun,Months remaining,Time overrun
N24001105,Critical,0.9995,0.9995,0.9995,0,0,0,Remaining time vs overrun,Months remaining,Time overrun
N24001106,Critical,0.9999,0.9999,0.9999,0,0,0,Remaining time vs overrun,Months remaining,Time overrun
N24001107,Critical,0.999,0.999,0.999,0,0,0,Remaining time vs overrun,Months remaining,Time overrun
N24001108,Critical,0.9992,0.9992,0.9992,0,0,0,Remaining time vs overrun,Months remaining,Time overrun
N24001109,Critical,0.9998,0.9998,0.9998,0,0,0,Remaining time vs overrun,Months remaining,Time overrun
N24001110,Critical,0.9999,0.9999,0.9999,0,0,0,Remaining time vs overrun,Months remaining,Time overrun
N24001111,Critical,0.9998,0.9998,0.9998,0,0,0,Remaining time vs overrun,Months remaining,Time overrun
N24001112,Critical,0.9994,0.9994,0.9994,0,0,0,Remaining time vs overrun,Months remaining,Time overrun
N24001113,Critical,0.9999,0.9999,0.9999,0,0,0,Remaining time vs overrun,Months remaining,Time overrun
N24001114,Critical,1.0,1.0,1.0,0,0,0,Remaining time vs overrun,Time overrun,Months remaining
N24001115,Critical,1.0,1.0,1.0,0,0,0,Remaining time vs overrun,Months remaining,Time overrun
N24001116,Critical,0.9998,0.9998,0.9998,0,0,0,Remaining time vs overrun,Months remaining,Time overrun
N24001117,Critical,0.9999,0.9999,0.9999,0,0,0,Remaining time vs overrun,Original cost,Months remaining
N24001118,Critical,0.9999,0.9999,0.9999,0,0,0,Remaining time vs overrun,Months remaining,Time overrun
N24001119,Critical,0.9991,0.9991,0.9991,0,0,0,Remaining time vs overrun,Months remaining,Time overrun
N24001120,Critical,1.0,1.0,1.0,0,0,0,Remaining time vs overrun,Months remaining,Time overrun
N24001121,Critical,0.9999,0.9999,0.9999,0,0,0,Remaining time vs overrun,Months remaining,Time overrun
N24001122,Critical,0.9999,0.9999,0.9999,0,0,0,Remaining time vs overrun,Months remaining,Time overrun
N24001123,Critical,0.9998,0.9998,0.9998,0,0,0,Remaining time vs overrun,Time overrun,Months remaining
N24001124,Critical,0.9999,0.9999,0.9999,0,0,0,Remaining time vs overrun,Months remaining,Time overrun
N24001125,Critical,1.0,1.0,1.0,0,0,0,Remaining time vs overrun,Time overrun,Months remaining
N24001126,Critical,0.9999,0.9999,0.9999,0,0,0,Remaining time vs overrun,Months remaining,Time overrun
N24001127,Critical,0.9999,0.9999,0.9999,0,0,0,Remaining time vs overrun,Months remaining,Time overrun
N24001128,Critical,0.9998,0.9998,0.9998,0,0,0,Remaining time vs overrun,Months remaining,Time overrun
N24001130,Critical,0.9975,0.9975,0.9975,0,0,0,Remaining time vs overrun,Time overrun,Months remaining
N24001131,Critical,1.0,1.0,1.0,0,0,0,Remaining time vs overrun,Months remaining,Time overrun
N24001132,Critical,1.0,1.0,1.0,0,0,0,Remaining time vs overrun,Time overrun,Months remaining
N24001133,Critical,1.0,1.0,1.0,0,0,0,Remaining time vs overrun,Time overrun,Months remaining
N24001134,Critical,1.0,1.0,1.0,0,0,0,Remaining time vs overrun,Months remaining,Time overrun
N24001135,Critical,1.0,1.0,1.0,0,0,0,Remaining time vs overrun,Months remaining,Time overrun
N24001136,Critical,1.0,1.0,1.0,0,0,0,Remaining time vs overrun,Time overrun,Months remaining
N24001137,Critical,1.0,1.0,1.0,0,0,0,Remaining time vs overrun,Time overrun,Months remaining
N24001138,Critical,0.9998,0.9998,0.9998,0,0,0,Remaining time vs overrun,Months remaining,Time overrun
N24001139,Critical,0.9996,0.9996,0.9996,0,0,0,Remaining time vs overrun,Months remaining,Time overrun
N24001140,Critical,0.9996,0.9996,0.9996,0,0,0,Remaining time vs overrun,Months remaining,Time overrun
N24001141,Critical,0.9998,0.9998,0.9998,0,0,0,Remaining time vs overrun,Months remaining,Time overrun
N24001143,Critical,0.9999,0.9999,0.9999,0,0,0,Remaining time vs overrun,Months remaining,Time overrun
N24001144,Critical,1.0,1.0,1.0,0,0,0,Remaining time vs overrun,Time overrun,Previous expenditure ratio
N24001145,Critical,1.0,1.0,1.0,0,0,0,Remaining time vs overrun,Original cost,Months remaining
N24001146,Critical,0.9999,0.9999,0.9999,0,0,0,Remaining time vs overrun,Time overrun,Months remaining
N24001147,Critical,0.9998,0.9998,0.9998,0,0,0,Remaining time vs overrun,Months remaining,Time overrun
N24001148,Critical,0.9997,0.9997,0.9997,0,0,0,Remaining time vs overrun,Months remaining,Time overrun
N24001149,Critical,0.9999,0.9999,0.9999,0,0,0,Remaining time vs overrun,Months remaining,Time overrun
N24001150,Critical,0.9999,0.9999,0.9999,0,0,0,Remaining time vs overrun,Months remaining,Time overrun
N24001151,Critical,1.0,1.0,1.0,0,0,0,Remaining time vs overrun,Time overrun,Months remaining
N24001152,Critical,1.0,1.0,1.0,0,0,0,Remaining time vs overrun,Months remaining,Time overrun
N24001153,Critical,0.9999,0.9999,0.9999,0,0,0,Remaining time vs overrun,Months remaining,Time overrun
N24001156,Critical,1.0,1.0,1.0,0,0,0,Remaining time vs overrun,Months remaining,Time overrun
N24001157,Critical,1.0,1.0,1.0,0,0,0,Remaining time vs overrun,Time overrun,Months remaining
N24001158,Critical,1.0,1.0,1.0,0,0,0,Remaining time vs overrun,Original cost,Months remaining
N24001159,Critical,1.0,1.0,1.0,0,0,0,Remaining time vs overrun,Original cost,Time overrun
N24001160,Critical,0.9999,0.9999,0.9999,0,0,0,Remaining time vs overrun,Months remaining,Time overrun
N24001161,Critical,1.0,1.0,1.0,0,0,0,Remaining time vs overrun,Time overrun,Months remaining
N24001162,Critical,1.0,1.0,1.0,0,0,0,Remaining time vs overrun,Time overrun,Months remaining
N24001164,Critical,0.9999,0.9999,0.9999,0,0,0,Remaining time vs overrun,Months remaining,Time overrun
N24001165,Critical,0.9999,0.9999,0.9999,0,0,0,Remaining time vs overrun,Months remaining,Time overrun
N24001166,Critical,1.0,1.0,1.0,0,0,0,Remaining time vs overrun,Original cost,Months remaining
N24001168,Critical,1.0,1.0,1.0,0,0,0,Remaining time vs overrun,Months remaining,Time overrun
N24001172,Critical,0.9999,0.9999,0.9999,0,0,0,Remaining time vs overrun,Months remaining,Time overrun
N24001173,Critical,1.0,1.0,1.0,0,0,0,Original cost,Remaining time vs overrun,Time overrun
N24001174,Critical,0.9996,0.9996,0.9996,0,0,0,Remaining time vs overrun,Months remaining,Time overrun
N24001175,Critical,0.9999,0.9999,0.9999,0,0,0,Remaining time vs overrun,Months remaining,Time overrun
N24001176,Critical,1.0,1.0,1.0,0,0,0,Remaining time vs overrun,Months remaining,Time overrun
N24001177,Critical,0.9999,0.9999,0.9999,0,0,0,Remaining time vs overrun,Months remaining,Time overrun
N24001178,Critical,0.9984,0.9984,0.9984,0,0,0,Remaining time vs overrun,Months remaining,Time overrun
N24001179,Critical,0.9999,0.9999,0.9999,0,0,0,Remaining time vs overrun,Time overrun,Months remaining
N24001180,Critical,1.0,1.0,1.0,0,0,0,Remaining time vs overrun,Previous expenditure ratio,Time overrun
N24001181,Critical,1.0,1.0,1.0,0,0,0,Remaining time vs overrun,Time overrun,Months remaining
N24001182,Critical,0.9997,0.9997,0.9997,0,0,0,Remaining time vs overrun,Months remaining,Time overrun
N24001184,Critical,0.9997,0.9997,0.9997,0,0,0,Remaining time vs overrun,Months remaining,Time overrun
N24001185,Critical,1.0,1.0,1.0,0,0,0,Remaining time vs overrun,Time overrun,Months remaining
N24001196,Critical,0.9999,0.9999,0.9999,0,0,0,Remaining time vs overrun,Months remaining,Time overrun
N24001197,Critical,1.0,1.0,1.0,0,0,0,Remaining time vs overrun,Months remaining,Time overrun
N24001198,Critical,0.9999,0.9999,0.9999,0,0,0,Remaining time vs overrun,Months remaining,Time overrun
N24001199,Critical,1.0,1.0,1.0,0,0,0,Remaining time vs overrun,Time overrun,Months remaining
N24001200,Critical,0.9986,0.9986,0.9986,0,0,0,Time overrun,Remaining time vs overrun,Original cost
N24001201,Critical,0.9998,0.9998,0.9998,0,0,0,Remaining time vs overrun,Time overrun,State
N24001202,Critical,0.9987,0.9987,0.9987,0,0,0,Remaining time vs overrun,Months remaining,Time overrun
N24001203,Critical,0.9999,0.9999,0.9999,0,0,0,Remaining time vs overrun,Months remaining,Time overrun
N24001204,Critical,0.9997,0.9997,0.9997,0,0,0,Remaining time vs overrun,Months remaining,Time overrun
N24001205,Critical,0.9998,0.9998,0.9998,0,0,0,Remaining time vs overrun,Months remaining,Time overrun
N24001206,Critical,1.0,1.0,1.0,0,0,0,Remaining time vs overrun,Time overrun,Cost variance
N24001207,Critical,0.9998,0.9998,0.9998,0,0,0,Remaining time vs overrun,Time overrun,Months remaining
N24001208,Critical,0.9999,0.9999,0.9999,0,0,0,Remaining time vs overrun,Months remaining,Time overrun
N24001209,Critical,0.9998,0.9998,0.9998,0,0,0,Remaining time vs overrun,Months remaining,Time overrun
N24001210,Critical,0.9999,0.9999,0.9999,0,0,0,Remaining time vs overrun,Months remaining,Time overrun
N24001211,Critical,0.9998,0.9998,0.9998,0,0,0,Remaining time vs overrun,Months remaining,Time overrun
N24001212,Critical,1.0,1.0,1.0,0,0,0,Original cost,Remaining time vs overrun,Time overrun
N24001213,Critical,1.0,1.0,1.0,0,0,0,Remaining time vs overrun,Time overrun,Months remaining
N24001214,Critical,1.0,1.0,1.0,0,0,0,Remaining time vs overrun,Time overrun,Expenditure ratio
N24001216,Critical,0.9999,0.9999,0.9999,0,0,0,Remaining time vs overrun,Months remaining,Time overrun
N24001217,Critical,0.9999,0.9999,0.9999,0,0,0,Remaining time vs overrun,Months remaining,Time overrun
N24001218,Critical,1.0,1.0,1.0,0,0,0,Remaining time vs overrun,Time overrun,Previous expenditure ratio
N24001219,Critical,1.0,1.0,1.0,0,0,0,Remaining time vs overrun,Months remaining,Time overrun
N24001220,Critical,0.9999,0.9999,0.9999,0,0,0,Remaining time vs overrun,Time overrun,Months remaining
N24001221,Critical,1.0,1.0,1.0,0,0,0,Remaining time vs overrun,Time overrun,Months remaining
N24001222,Critical,1.0,1.0,1.0,0,0,0,Remaining time vs overrun,Cost variance,Time overrun
N24001224,Critical,0.9999,0.9999,0.9999,0,0,0,Remaining time vs overrun,Time overrun,Months remaining
N24001226,Critical,0.9996,0.9996,0.9996,0,0,0,Remaining time vs overrun,Months remaining,Time overrun
N24001227,Critical,1.0,1.0,1.0,0,0,0,Remaining time vs overrun,Time overrun,Months remaining
N24001228,Critical,0.9999,0.9999,0.9999,0,0,0,Remaining time vs overrun,Months remaining,Time overrun
N24001229,Critical,1.0,1.0,1.0,0,0,0,Remaining time vs overrun,Time overrun,Months remaining
N24001230,Critical,0.9996,0.9996,0.9996,0,0,0,Remaining time vs overrun,Months remaining,Time overrun
N24001231,Critical,1.0,1.0,1.0,0,0,0,Remaining time vs overrun,Time overrun,Months remaining
N24001232,Critical,1.0,1.0,1.0,0,0,0,Remaining time vs overrun,Time overrun,Months remaining
N24001233,Critical,1.0,1.0,1.0,0,0,0,Remaining time vs overrun,Time overrun,Months remaining
N24001234,Critical,1.0,1.0,1.0,0,0,0,Remaining time vs overrun,Time overrun,Months remaining
N24001236,Critical,1.0,1.0,1.0,0,0,0,Remaining time vs overrun,Time overrun,Months remaining
N24001238,Critical,0.9998,0.9998,0.9998,0,0,0,Time overrun,Remaining time vs overrun,Previous expenditure ratio
N24001240,Low,0.0484,0.9516,0,0,0,0.0484,Remaining time vs overrun,Time overrun,Cumulative expenditure
N24001241,Critical,0.9999,0.9999,0.9999,0,0,0,Remaining time vs overrun,Time overrun,Previous expenditure ratio
N24001242,Critical,0.9996,0.9996,0.9996,0,0,0,Remaining time vs overrun,Time overrun,Original cost
N24001243,Critical,0.9998,0.9998,0.9998,0,0,0,Remaining time vs overrun,Months remaining,3-month expenditure change
N24001244,Critical,0.9998,0.9998,0.9998,0,0,0,Remaining time vs overrun,Months remaining,Time overrun
N24001245,Critical,0.9996,0.9996,0.9996,0,0,0,Remaining time vs overrun,Time overrun,Months remaining
N24001246,Critical,1.0,1.0,1.0,0,0,0,Remaining time vs overrun,Time overrun,Months remaining
N24001247,Critical,0.9999,0.9999,0.9999,0,0,0,Remaining time vs overrun,Months remaining,Time overrun
N24001248,Critical,1.0,1.0,1.0,0,0,0,Remaining time vs overrun,Time overrun,Months remaining
N24001249,Critical,0.9996,0.9996,0.9996,0,0,0,Remaining time vs overrun,Months remaining,Time overrun
N24001250,Critical,1.0,1.0,1.0,0,0,0,Remaining time vs overrun,Months remaining,Time overrun
N24001251,Critical,0.9996,0.9996,0.9996,0,0,0,Remaining time vs overrun,Months remaining,Time overrun
N24001252,Critical,0.9999,0.9999,0.9999,0,0,0,Remaining time vs overrun,Months remaining,Time overrun
N24001253,Critical,0.9998,0.9998,0.9998,0,0,0,Remaining time vs overrun,Time overrun,Months remaining
N24001254,Critical,1.0,1.0,1.0,0,0,0,Remaining time vs overrun,Time overrun,Months remaining
N24001255,Critical,0.9997,0.9997,0.9997,0,0,0,Remaining time vs overrun,Time overrun,Anticipated cost
N24001256,Low,0.0437,0.9563,0,0,0,0.0437,Remaining time vs overrun,Time overrun,Original cost
N24001257,Critical,0.9997,0.9997,0.9997,0,0,0,Remaining time vs overrun,Time overrun,Months remaining
N24001258,Critical,0.9996,0.9996,0.9996,0,0,0,Remaining time vs overrun,Time overrun,Months remaining
N24001259,Critical,0.9971,0.9971,0.9971,0,0,0,Remaining time vs overrun,Time overrun,3-month expenditure change
N24001260,Critical,0.9998,0.9998,0.9998,0,0,0,Remaining time vs overrun,Months remaining,Time overrun
N24001261,Critical,1.0,1.0,1.0,0,0,0,Remaining time vs overrun,Time overrun,Months remaining
N24001262,Critical,1.0,1.0,1.0,0,0,0,Remaining time vs overrun,Time overrun,Months remaining
N24001263,Critical,1.0,1.0,1.0,0,0,0,Remaining time vs overrun,Time overrun,Expenditure ratio
N24001264,Critical,0.9996,0.9996,0.9996,0,0,0,Remaining time vs overrun,Time overrun,State
N24001265,Critical,0.9997,0.9997,0.9997,0,0,0,Remaining time vs overrun,Months remaining,Time overrun
N24001266,Critical,0.9999,0.9999,0.9999,0,0,0,Remaining time vs overrun,Months remaining,Time overrun
N24001267,Critical,0.9999,0.9999,0.9999,0,0,0,Remaining time vs overrun,Time overrun,Months remaining
N24001268,Critical,0.9993,0.9993,0.9993,0,0,0,Remaining time vs overrun,Months remaining,Time overrun
N24001269,Critical,0.9999,0.9999,0.9999,0,0,0,Remaining time vs overrun,Time overrun,Months remaining
N24001270,Critical,0.9995,0.9995,0.9995,0,0,0,Remaining time vs overrun,Time overrun,3-month expenditure change
N24001271,Critical,0.9969,0.9969,0.9969,0,0,0,Remaining time vs overrun,Time overrun,State
N24001272,Critical,0.9999,0.9999,0.9999,0,0,0,Remaining time vs overrun,Months remaining,Time overrun
N24001273,Critical,0.9999,0.9999,0.9999,0,0,0,Remaining time vs overrun,Months remaining,Time overrun
N24001274,Critical,0.9971,0.9971,0.9971,0,0,0,Remaining time vs overrun,Time overrun,State
N24001275,Critical,0.9975,0.9975,0.9975,0,0,0,Remaining time vs overrun,Time overrun,State
N24001276,Critical,0.9985,0.9985,0.9985,0,0,0,Time overrun,Remaining time vs overrun,Original cost
N24001277,Critical,1.0,1.0,1.0,0,0,0,Remaining time vs overrun,Time overrun,Months remaining
N24001278,Critical,0.9999,0.9999,0.9999,0,0,0,Remaining time vs overrun,Time overrun,Months remaining
N24001279,Critical,0.9999,0.9999,0.9999,0,0,0,Remaining time vs overrun,Months remaining,State
N24001280,Critical,0.9997,0.9997,0.9997,0,0,0,Remaining time vs overrun,Months remaining,Time overrun
N24001281,Critical,0.9999,0.9999,0.9999,0,0,0,Remaining time vs overrun,Time overrun,Expenditure ratio
N24001282,Critical,0.9988,0.9988,0.9988,0,0,0,Remaining time vs overrun,Time overrun,Sector
N24001283,Critical,0.9999,0.9999,0.9999,0,0,0,Remaining time vs overrun,Months remaining,State
N24001284,Critical,0.9999,0.9999,0.9999,0,0,0,Remaining time vs overrun,Months remaining,Time overrun
N24001285,Critical,0.9997,0.9997,0.9997,0,0,0,Remaining time vs overrun,Months remaining,Time overrun
N24001286,Critical,0.9997,0.9997,0.9997,0,0,0,Remaining time vs overrun,Months remaining,Time overrun
N24001287,Critical,0.9986,0.9986,0.9986,0,0,0,Remaining time vs overrun,Time overrun,Previous expenditure ratio
N24001288,Critical,0.9977,0.9977,0.9977,0,0,0,Remaining time vs overrun,Time overrun,Anticipated cost
N24001289,Low,0.0192,0.9808,0,0,0,0.0192,Remaining time vs overrun,Time overrun,Expenditure ratio
N24001290,Low,0.001,0.999,0,0,0,0.001,Remaining time vs overrun,Time overrun,Months remaining
N24001291,Critical,0.9999,0.9999,0.9999,0,0,0,Original cost,Remaining time vs overrun,Time overrun
N24001292,Low,0.0064,0.9936,0,0,0,0.0064,Remaining time vs overrun,Time overrun,Previous expenditure ratio
N24001293,Low,0.0072,0.9928,0,0,0,0.0072,Remaining time vs overrun,Time overrun,Previous expenditure ratio
N24001294,Low,0.0003,0.9997,0,0,0,0.0003,Remaining time vs overrun,Time overrun,Months remaining
N24001295,Low,0.0004,0.9996,0,0,0,0.0004,Remaining time vs overrun,Time overrun,Months remaining
N24001296,Low,0.0003,0.9997,0,0,0,0.0003,Remaining time vs overrun,Time overrun,Months remaining
N24001297,Low,0.0416,0.9584,0,0,0,0.0416,Remaining time vs overrun,Time overrun,Expenditure ratio
N24001298,Critical,1.0,1.0,1.0,0,0,0,Remaining time vs overrun,Time overrun,Previous expenditure ratio
N24001299,Critical,0.9998,0.9998,0.9998,0,0,0,Remaining time vs overrun,Time overrun,Months remaining
N24001300,Critical,1.0,1.0,1.0,0,0,0,Remaining time vs overrun,Time overrun,Months remaining
N24001301,Critical,0.9999,0.9999,0.9999,0,0,0,Remaining time vs overrun,Months remaining,Time overrun
N24001302,Critical,0.9978,0.9978,0.9978,0,0,0,Remaining time vs overrun,Months remaining,Time overrun
N24001303,Critical,1.0,1.0,1.0,0,0,0,Remaining time vs overrun,Time overrun,Months remaining
N24001304,Critical,1.0,1.0,1.0,0,0,0,Remaining time vs overrun,Time overrun,Months remaining
N24001305,Critical,1.0,1.0,1.0,0,0,0,Remaining time vs overrun,Time overrun,Previous expenditure ratio
N24001306,Critical,1.0,1.0,1.0,0,0,0,Remaining time vs overrun,Months remaining,Time overrun
N24001307,Critical,0.9999,0.9999,0.9999,0,0,0,Remaining time vs overrun,Time overrun,Months remaining
N24001308,Critical,0.9995,0.9995,0.9995,0,0,0,Remaining time vs overrun,Months remaining,Time overrun
N24001309,Critical,1.0,1.0,1.0,0,0,0,Remaining time vs overrun,Original cost,Months remaining
N24001310,Critical,0.9999,0.9999,0.9999,0,0,0,Remaining time vs overrun,Months remaining,Time overrun
N24001311,Critical,0.9986,0.9986,0.9986,0,0,0,Remaining time vs overrun,Months remaining,Time overrun
N24001312,Critical,0.9999,0.9999,0.9999,0,0,0,Remaining time vs overrun,Months remaining,Time overrun
N24001313,Critical,0.9988,0.9988,0.9988,0,0,0,Remaining time vs overrun,Time overrun,State
N24001314,Critical,0.9962,0.9962,0.9962,0,0,0,Remaining time vs overrun,Time overrun,State
N24001315,Critical,0.9995,0.9995,0.9995,0,0,0,Remaining time vs overrun,Months remaining,Time overrun
N24001316,Critical,0.9993,0.9993,0.9993,0,0,0,Remaining time vs overrun,Time overrun,Months remaining
N24001317,Critical,0.9999,0.9999,0.9999,0,0,0,Remaining time vs overrun,Time overrun,Months remaining
N24001318,Critical,0.9999,0.9999,0.9999,0,0,0,Remaining time vs overrun,Months remaining,Time overrun
N24001319,Critical,0.9985,0.9985,0.9985,0,0,0,Remaining time vs overrun,Months remaining,Time overrun
N24001320,Critical,0.9998,0.9998,0.9998,0,0,0,Original cost,Remaining time vs overrun,Time overrun
N24001321,Critical,0.9998,0.9998,0.9998,0,0,0,Remaining time vs overrun,Months remaining,Time overrun
N24001322,Critical,0.9998,0.9998,0.9998,0,0,0,Remaining time vs overrun,Time overrun,Previous expenditure ratio
N24001323,Critical,0.9999,0.9999,0.9999,0,0,0,Remaining time vs overrun,Months remaining,Time overrun
N24001324,Critical,0.9995,0.9995,0.9995,0,0,0,Remaining time vs overrun,Months remaining,Time overrun
N24001325,Critical,0.9998,0.9998,0.9998,0,0,0,Remaining time vs overrun,Time overrun,Cost variance
N24001326,Low,0.0005,0.9995,0,0,0,0.0005,Remaining time vs overrun,Time overrun,Months remaining
N24001327,Critical,0.9996,0.9996,0.9996,0,0,0,Remaining time vs overrun,Time overrun,Cumulative expenditure
N24001328,Critical,0.9999,0.9999,0.9999,0,0,0,Remaining time vs overrun,Months remaining,Time overrun
N24001329,Critical,0.9999,0.9999,0.9999,0,0,0,Remaining time vs overrun,Months remaining,Time overrun
N24001330,Critical,0.9934,0.9934,0.9934,0,0,0,Time overrun,Months remaining,Remaining time vs overrun
N24001331,Critical,0.9999,0.9999,0.9999,0,0,0,Remaining time vs overrun,Months remaining,Time overrun
N24001332,Critical,0.9998,0.9998,0.9998,0,0,0,Remaining time vs overrun,Months remaining,Time overrun
N24001333,Critical,0.9996,0.9996,0.9996,0,0,0,Remaining time vs overrun,Months remaining,Time overrun
N24001334,Critical,0.9929,0.9929,0.9929,0,0,0,Remaining time vs overrun,Time overrun,State
N24001335,Critical,0.9938,0.9938,0.9938,0,0,0,Remaining time vs overrun,Time overrun,State
N24001336,Critical,0.9999,0.9999,0.9999,0,0,0,Remaining time vs overrun,Time overrun,Expenditure ratio
N24001337,Critical,0.9999,0.9999,0.9999,0,0,0,Remaining time vs overrun,Cost variance,Time overrun
N24001338,Critical,0.9995,0.9995,0.9995,0,0,0,Remaining time vs overrun,Cost variance,Time overrun
N24001339,Critical,0.9998,0.9998,0.9998,0,0,0,Remaining time vs overrun,Time overrun,Months remaining
N24001340,Critical,0.9996,0.9996,0.9996,0,0,0,Remaining time vs overrun,Months remaining,Time overrun
N24001341,Critical,0.9998,0.9998,0.9998,0,0,0,Remaining time vs overrun,Months remaining,Time overrun
N24001342,Critical,0.9999,0.9999,0.9999,0,0,0,Original cost,Remaining time vs overrun,Time overrun
N24001343,Critical,0.9992,0.9992,0.9992,0,0,0,Remaining time vs overrun,Time overrun,State
N24001344,Critical,0.9997,0.9997,0.9997,0,0,0,Remaining time vs overrun,Time overrun,State
N24001345,Critical,0.9998,0.9998,0.9998,0,0,0,Remaining time vs overrun,Time overrun,State
N24001346,Critical,0.9998,0.9998,0.9998,0,0,0,Remaining time vs overrun,Months remaining,Time overrun
N24001347,Critical,0.9996,0.9996,0.9996,0,0,0,Remaining time vs overrun,Months remaining,Time overrun
N24001348,Critical,0.9997,0.9997,0.9997,0,0,0,Remaining time vs overrun,Time overrun,Months remaining
N24001349,Critical,0.9987,0.9987,0.9987,0,0,0,Remaining time vs overrun,Months remaining,Time overrun
N24001350,Critical,0.9997,0.9997,0.9997,0,0,0,Remaining time vs overrun,Months remaining,Time overrun
N24001351,Critical,0.999,0.999,0.999,0,0,0,Remaining time vs overrun,Time overrun,Schedule pressure
N24001352,Critical,0.9997,0.9997,0.9997,0,0,0,Remaining time vs overrun,Months remaining,Time overrun
N24001353,Critical,0.9978,0.9978,0.9978,0,0,0,Remaining time vs overrun,Time overrun,State
N24001354,Critical,0.9999,0.9999,0.9999,0,0,0,Remaining time vs overrun,Months remaining,Time overrun
N24001355,Critical,1.0,1.0,1.0,0,0,0,Remaining time vs overrun,Time overrun,Months remaining
N24001356,Critical,0.9997,0.9997,0.9997,0,0,0,Remaining time vs overrun,Time overrun,State
N24001357,Critical,1.0,1.0,1.0,0,0,0,Remaining time vs overrun,Months remaining,Previous expenditure ratio
N24001358,Critical,0.9979,0.9979,0.9979,0,0,0,Remaining time vs overrun,Time overrun,State
N24001359,Critical,0.9921,0.9921,0.9921,0,0,0,Remaining time vs overrun,Time overrun,State
N24001360,Critical,0.9999,0.9999,0.9999,0,0,0,Remaining time vs overrun,Time overrun,Months remaining
N24001361,Critical,0.9991,0.9991,0.9991,0,0,0,Remaining time vs overrun,Time overrun,Previous expenditure ratio
N24001362,Critical,0.9999,0.9999,0.9999,0,0,0,Remaining time vs overrun,Time overrun,Months remaining
N24001363,Critical,0.9988,0.9988,0.9988,0,0,0,Remaining time vs overrun,Time overrun,Previous expenditure ratio
N24001364,Critical,0.9967,0.9967,0.9967,0,0,0,Remaining time vs overrun,Months remaining,Time overrun
N24001365,Critical,0.9979,0.9979,0.9979,0,0,0,Time overrun,Remaining time vs overrun,Months remaining
N24001366,Critical,1.0,1.0,1.0,0,0,0,Remaining time vs overrun,Time overrun,Months remaining
N24001367,Critical,1.0,1.0,1.0,0,0,0,Remaining time vs overrun,Time overrun,Months remaining
N24001368,Critical,0.9997,0.9997,0.9997,0,0,0,Remaining time vs overrun,Time overrun,State
N24001369,Critical,1.0,1.0,1.0,0,0,0,Remaining time vs overrun,Time overrun,Months remaining
N24001370,Critical,1.0,1.0,1.0,0,0,0,Remaining time vs overrun,Time overrun,Months remaining
N24001371,Critical,0.9999,0.9999,0.9999,0,0,0,Remaining time vs overrun,Time overrun,State
N24001372,Critical,0.9999,0.9999,0.9999,0,0,0,Remaining time vs overrun,Months remaining,Time overrun
N24001373,Critical,0.9997,0.9997,0.9997,0,0,0,Remaining time vs overrun,Time overrun,Previous expenditure ratio
N24001374,Low,0.0067,0.9933,0,0,0,0.0067,Remaining time vs overrun,Time overrun,Months remaining
N24001375,Low,0.0023,0.9977,0,0,0,0.0023,Remaining time vs overrun,Time overrun,3-month expenditure change
N24001376,Low,0.0006,0.9994,0,0,0,0.0006,Remaining time vs overrun,Time overrun,Months remaining
N24001377,Critical,0.9996,0.9996,0.9996,0,0,0,Remaining time vs overrun,Original cost,Time overrun
N24001378,Critical,1.0,1.0,1.0,0,0,0,Remaining time vs overrun,Time overrun,Months remaining
N24001379,Critical,1.0,1.0,1.0,0,0,0,Remaining time vs overrun,Months remaining,Time overrun
N24001380,Critical,1.0,1.0,1.0,0,0,0,Remaining time vs overrun,Time overrun,Months remaining
N24001381,Critical,0.9999,0.9999,0.9999,0,0,0,Remaining time vs overrun,Months remaining,Time overrun
N24001382,Critical,0.9998,0.9998,0.9998,0,0,0,Remaining time vs overrun,Months remaining,Time overrun
N24001383,Critical,0.9994,0.9994,0.9994,0,0,0,Remaining time vs overrun,Months remaining,Time overrun
N24001384,Critical,0.9999,0.9999,0.9999,0,0,0,Remaining time vs overrun,Time overrun,Months remaining
N24001385,Critical,0.9998,0.9998,0.9998,0,0,0,Remaining time vs overrun,Months remaining,Time overrun
N24001386,Critical,0.9999,0.9999,0.9999,0,0,0,Remaining time vs overrun,Time overrun,Months remaining
N24001387,Critical,0.9999,0.9999,0.9999,0,0,0,Remaining time vs overrun,Months remaining,Time overrun
N24001388,Critical,0.9999,0.9999,0.9999,0,0,0,Remaining time vs overrun,Time overrun,Months remaining
N24001389,Critical,0.9999,0.9999,0.9999,0,0,0,Remaining time vs overrun,Months remaining,Time overrun
N24001390,Critical,0.9996,0.9996,0.9996,0,0,0,Remaining time vs overrun,Months remaining,Time overrun
N24001391,Critical,0.9999,0.9999,0.9999,0,0,0,Remaining time vs overrun,Months remaining,Time overrun
N24001392,Critical,0.9998,0.9998,0.9998,0,0,0,Remaining time vs overrun,Months remaining,Time overrun
N24001393,Critical,0.9998,0.9998,0.9998,0,0,0,Remaining time vs overrun,Months remaining,Time overrun
N24001394,Critical,0.9997,0.9997,0.9997,0,0,0,Remaining time vs overrun,Time overrun,State
N24001395,Critical,0.9997,0.9997,0.9997,0,0,0,Remaining time vs overrun,Time overrun,State
N24001396,Critical,0.9996,0.9996,0.9996,0,0,0,Remaining time vs overrun,Time overrun,Months remaining
N24001397,Critical,1.0,1.0,1.0,0,0,0,Remaining time vs overrun,Time overrun,Months remaining
N24001398,Critical,0.9995,0.9995,0.9995,0,0,0,Remaining time vs overrun,Original cost,Time overrun
N24001399,Critical,0.9997,0.9997,0.9997,0,0,0,Remaining time vs overrun,Months remaining,Time overrun
N24001400,Critical,0.9987,0.9987,0.9987,0,0,0,Remaining time vs overrun,Months remaining,Time overrun
N24001401,Critical,0.9851,0.9851,0.9851,0,0,0,Remaining time vs overrun,Time overrun,State
N24001402,Critical,0.9994,0.9994,0.9994,0,0,0,Remaining time vs overrun,Months remaining,Time overrun
N24001403,Critical,0.9992,0.9992,0.9992,0,0,0,Remaining time vs overrun,Months remaining,Time overrun
N24001404,Critical,0.9995,0.9995,0.9995,0,0,0,Remaining time vs overrun,Months remaining,Time overrun
N24001405,Critical,0.9992,0.9992,0.9992,0,0,0,Remaining time vs overrun,Months remaining,Time overrun
N24001406,Critical,0.989,0.989,0.989,0,0,0,Remaining time vs overrun,Time overrun,State
N24001407,Critical,0.9976,0.9976,0.9976,0,0,0,Remaining time vs overrun,Months remaining,Time overrun
N24001408,Critical,0.9978,0.9978,0.9978,0,0,0,Remaining time vs overrun,Time overrun,Months remaining
N24001409,Critical,0.9997,0.9997,0.9997,0,0,0,Remaining time vs overrun,Months remaining,Time overrun
N24001410,Critical,0.9999,0.9999,0.9999,0,0,0,Remaining time vs overrun,Time overrun,Months remaining
N24001411,Critical,0.9992,0.9992,0.9992,0,0,0,Remaining time vs overrun,Time overrun,Sector
N24001412,Critical,0.9998,0.9998,0.9998,0,0,0,Remaining time vs overrun,Months remaining,Time overrun
N24001413,Critical,0.9999,0.9999,0.9999,0,0,0,Remaining time vs overrun,Time overrun,Previous expenditure ratio
N24001414,Critical,1.0,1.0,1.0,0,0,0,Remaining time vs overrun,Time overrun,Previous expenditure ratio
N24001415,Critical,1.0,1.0,1.0,0,0,0,Remaining time vs overrun,Months remaining,Time overrun
N24001416,Critical,0.9994,0.9994,0.9994,0,0,0,Remaining time vs overrun,Months remaining,Time overrun
N24001417,Critical,0.9999,0.9999,0.9999,0,0,0,Remaining time vs overrun,Time overrun,Cumulative expenditure
N24001418,Critical,0.9998,0.9998,0.9998,0,0,0,Remaining time vs overrun,Time overrun,Cumulative expenditure
N24001419,Critical,0.9999,0.9999,0.9999,0,0,0,Remaining time vs overrun,Months remaining,Time overrun
N24001420,Critical,0.9996,0.9996,0.9996,0,0,0,Remaining time vs overrun,Time overrun,Previous expenditure ratio
N24001421,Critical,0.9999,0.9999,0.9999,0,0,0,Remaining time vs overrun,Time overrun,Months remaining
N24001422,Critical,0.9998,0.9998,0.9998,0,0,0,Remaining time vs overrun,Months remaining,Time overrun
N24001423,Critical,0.9995,0.9995,0.9995,0,0,0,Remaining time vs overrun,Time overrun,State
N24001424,Critical,1.0,1.0,1.0,0,0,0,Remaining time vs overrun,Time overrun,Months remaining
N24001425,Critical,1.0,1.0,1.0,0,0,0,Remaining time vs overrun,Time overrun,Months remaining
N24001426,Critical,0.9999,0.9999,0.9999,0,0,0,Remaining time vs overrun,Time overrun,Months remaining
N24001427,Critical,1.0,1.0,1.0,0,0,0,Remaining time vs overrun,Months remaining,Time overrun
N24001428,Critical,1.0,1.0,1.0,0,0,0,Remaining time vs overrun,Months remaining,Time overrun
N24001429,Critical,1.0,1.0,1.0,0,0,0,Remaining time vs overrun,Months remaining,Time overrun
N24001430,Critical,1.0,1.0,1.0,0,0,0,Remaining time vs overrun,Time overrun,Months remaining
N24001431,Critical,1.0,1.0,1.0,0,0,0,Remaining time vs overrun,Time overrun,Months remaining
N24001432,Critical,0.9988,0.9988,0.9988,0,0,0,Remaining time vs overrun,Time overrun,Months remaining
N24001433,Low,0.1058,0.8942,0,0,0,0.1058,Remaining time vs overrun,Time overrun,Original cost
N24001434,Critical,0.9987,0.9987,0.9987,0,0,0,Remaining time vs overrun,Time overrun,State
N24001435,Critical,1.0,1.0,1.0,0,0,0,Remaining time vs overrun,Time overrun,Previous expenditure ratio
N24001436,Critical,0.9995,0.9995,0.9995,0,0,0,Remaining time vs overrun,Time overrun,Months remaining
N24001437,Critical,0.9995,0.9995,0.9995,0,0,0,Remaining time vs overrun,Months remaining,Time overrun
N24001438,Critical,0.9994,0.9994,0.9994,0,0,0,Original cost,Remaining time vs overrun,Time overrun
N24001439,Critical,0.9995,0.9995,0.9995,0,0,0,Remaining time vs overrun,Months remaining,Time overrun
N24001440,Critical,0.9997,0.9997,0.9997,0,0,0,Remaining time vs overrun,Months remaining,Time overrun
N24001441,Critical,0.9993,0.9993,0.9993,0,0,0,Remaining time vs overrun,Months remaining,Time overrun
N24001442,Critical,0.9974,0.9974,0.9974,0,0,0,Remaining time vs overrun,Time overrun,Anticipated cost
N24001443,Critical,1.0,1.0,1.0,0,0,0,Remaining time vs overrun,Time overrun,Months remaining
N24001444,Critical,1.0,1.0,1.0,0,0,0,Remaining time vs overrun,Time overrun,Months remaining
N24001445,Critical,1.0,1.0,1.0,0,0,0,Remaining time vs overrun,Time overrun,Months remaining
N24001446,Critical,1.0,1.0,1.0,0,0,0,Remaining time vs overrun,Time overrun,Months remaining
N24001447,Critical,0.9996,0.9996,0.9996,0,0,0,Remaining time vs overrun,Months remaining,Time overrun
N24001448,Critical,1.0,1.0,1.0,0,0,0,Remaining time vs overrun,Months remaining,Time overrun
N24001449,Critical,0.9147,0.9147,0.9147,0,0,0,Remaining time vs overrun,Time overrun,Months remaining
N24001450,Critical,1.0,1.0,1.0,0,0,0,Remaining time vs overrun,Months remaining,Time overrun
N24001451,Critical,0.9999,0.9999,0.9999,0,0,0,Remaining time vs overrun,Months remaining,Time overrun
N24001452,Critical,0.9996,0.9996,0.9996,0,0,0,Remaining time vs overrun,Original cost,Time overrun
N24001453,Critical,0.9867,0.9867,0.9867,0,0,0,Remaining time vs overrun,Time overrun,State
N24001454,Critical,0.9998,0.9998,0.9998,0,0,0,Remaining time vs overrun,Time overrun,Months remaining
N24001455,Critical,1.0,1.0,1.0,0,0,0,Remaining time vs overrun,Time overrun,Months remaining
N24001456,Critical,1.0,1.0,1.0,0,0,0,Remaining time vs overrun,Time overrun,Months remaining
N24001457,Critical,0.9999,0.9999,0.9999,0,0,0,Remaining time vs overrun,Time overrun,Original cost
N24001458,Critical,1.0,1.0,1.0,0,0,0,Remaining time vs overrun,Time overrun,State
N24001459,Low,0.1502,0.8498,0,0,0,0.1502,Remaining time vs overrun,Time overrun,Months remaining
N24001460,Critical,0.9999,0.9999,0.9999,0,0,0,Remaining time vs overrun,Months remaining,Time overrun
N24001461,Critical,0.9999,0.9999,0.9999,0,0,0,Remaining time vs overrun,Time overrun,Months remaining
N24001462,Critical,0.9998,0.9998,0.9998,0,0,0,Remaining time vs overrun,Time overrun,Months remaining
N24001463,Critical,0.9998,0.9998,0.9998,0,0,0,Remaining time vs overrun,Time overrun,Months remaining
N24001464,Critical,0.9997,0.9997,0.9997,0,0,0,Remaining time vs overrun,Months remaining,Time overrun
N24001465,Critical,0.9984,0.9984,0.9984,0,0,0,Remaining time vs overrun,Time overrun,Anticipated cost
N24001466,Critical,0.9995,0.9995,0.9995,0,0,0,Remaining time vs overrun,Time overrun,Months remaining
N24001467,Critical,0.9999,0.9999,0.9999,0,0,0,Remaining time vs overrun,Months remaining,Time overrun
N24001468,Critical,0.9998,0.9998,0.9998,0,0,0,Remaining time vs overrun,Months remaining,Time overrun
N24001469,Critical,0.9998,0.9998,0.9998,0,0,0,Remaining time vs overrun,Time overrun,Months remaining
N24001470,Critical,0.9992,0.9992,0.9992,0,0,0,Months remaining,Remaining time vs overrun,Time overrun
N24001471,Critical,1.0,1.0,1.0,0,0,0,Remaining time vs overrun,Months remaining,Time overrun
N24001472,Critical,1.0,1.0,1.0,0,0,0,Remaining time vs overrun,Time overrun,Months remaining
N24001473,Critical,0.9992,0.9992,0.9992,0,0,0,Remaining time vs overrun,Months remaining,Time overrun
N24001474,Critical,0.9969,0.9969,0.9969,0,0,0,Remaining time vs overrun,Time overrun,State
N24001475,Critical,0.9988,0.9988,0.9988,0,0,0,Remaining time vs overrun,Months remaining,Time overrun
N24001476,Critical,0.9999,0.9999,0.9999,0,0,0,Remaining time vs overrun,Time overrun,Months remaining
N24001477,Critical,0.9999,0.9999,0.9999,0,0,0,Remaining time vs overrun,Time overrun,Months remaining
N24001478,Critical,0.9998,0.9998,0.9998,0,0,0,Remaining time vs overrun,Months remaining,Time overrun
N24001479,Critical,0.9998,0.9998,0.9998,0,0,0,Remaining time vs overrun,Time overrun,Months remaining
N24001480,Critical,1.0,1.0,1.0,0,0,0,Remaining time vs overrun,Months remaining,Time overrun
N24001482,Critical,0.9989,0.9989,0.9989,0,0,0,Remaining time vs overrun,Months remaining,Time overrun
N24001483,Critical,0.9988,0.9988,0.9988,0,0,0,Remaining time vs overrun,Months remaining,Time overrun
N24001484,Critical,0.9997,0.9997,0.9997,0,0,0,Remaining time vs overrun,Months remaining,Time overrun
N24001485,Critical,1.0,1.0,1.0,0,0,0,Remaining time vs overrun,Time overrun,Months remaining
N24001486,Critical,0.9999,0.9999,0.9999,0,0,0,Remaining time vs overrun,Time overrun,Months remaining
N24001487,Critical,1.0,1.0,1.0,0,0,0,Remaining time vs overrun,Time overrun,Months remaining
N24001488,Critical,1.0,1.0,1.0,0,0,0,Remaining time vs overrun,Time overrun,Months remaining
N24001489,Critical,0.9967,0.9967,0.9967,0,0,0,Remaining time vs overrun,Time overrun,3-month expenditure change
N24001490,Critical,1.0,1.0,1.0,0,0,0,Remaining time vs overrun,Months remaining,Time overrun
N24001491,Critical,1.0,1.0,1.0,0,0,0,Remaining time vs overrun,Months remaining,Time overrun
N24001492,Critical,1.0,1.0,1.0,0,0,0,Remaining time vs overrun,Months remaining,Time overrun
N24001493,Critical,1.0,1.0,1.0,0,0,0,Remaining time vs overrun,Time overrun,Previous expenditure ratio
N24001494,Critical,0.9987,0.9987,0.9987,0,0,0,Months remaining,Remaining time vs overrun,Time overrun
N24001495,Critical,0.9977,0.9977,0.9977,0,0,0,Remaining time vs overrun,3-month expenditure change,Time overrun
N24001496,Critical,1.0,1.0,1.0,0,0,0,Remaining time vs overrun,Months remaining,Time overrun
N24001497,Critical,0.9998,0.9998,0.9998,0,0,0,Remaining time vs overrun,Time overrun,State
N24001498,Critical,0.9971,0.9971,0.9971,0,0,0,Months remaining,Remaining time vs overrun,Time overrun
N24001499,Critical,0.997,0.997,0.997,0,0,0,Remaining time vs overrun,Months remaining,Time overrun
N24001501,Critical,0.9996,0.9996,0.9996,0,0,0,Remaining time vs overrun,Time overrun,Months remaining
N24001502,Critical,1.0,1.0,1.0,0,0,0,Remaining time vs overrun,Cost variance,Months remaining
N24001503,Critical,1.0,1.0,1.0,0,0,0,Remaining time vs overrun,Months remaining,Time overrun
N24001504,Critical,1.0,1.0,1.0,0,0,0,Remaining time vs overrun,Months remaining,Time overrun
N24001505,Critical,0.9999,0.9999,0.9999,0,0,0,Remaining time vs overrun,Months remaining,Time overrun
N24001506,Critical,0.9999,0.9999,0.9999,0,0,0,Remaining time vs overrun,Time overrun,Months remaining
N24001507,Critical,0.9997,0.9997,0.9997,0,0,0,Remaining time vs overrun,Time overrun,Months remaining
N24001508,Critical,0.9999,0.9999,0.9999,0,0,0,Remaining time vs overrun,Time overrun,Months remaining
N24001509,Critical,0.9999,0.9999,0.9999,0,0,0,Remaining time vs overrun,Time overrun,Months remaining
N24001510,Critical,1.0,1.0,1.0,0,0,0,Remaining time vs overrun,Months remaining,Time overrun
N24001511,Critical,0.9998,0.9998,0.9998,0,0,0,Remaining time vs overrun,Time overrun,State
N24001513,Critical,1.0,1.0,1.0,0,0,0,Remaining time vs overrun,Months remaining,Time overrun
N24001514,Critical,1.0,1.0,1.0,0,0,0,Remaining time vs overrun,Months remaining,Time overrun
N24001515,Critical,0.9999,0.9999,0.9999,0,0,0,Remaining time vs overrun,Time overrun,State
N24001516,Critical,1.0,1.0,1.0,0,0,0,Remaining time vs overrun,Months remaining,Time overrun
N24001517,Critical,1.0,1.0,1.0,0,0,0,Remaining time vs overrun,Months remaining,Time overrun
N24001518,Critical,0.9999,0.9999,0.9999,0,0,0,Remaining time vs overrun,Months remaining,Time overrun
N24001519,Critical,1.0,1.0,1.0,0,0,0,Remaining time vs overrun,Months remaining,Time overrun
N24001520,Critical,1.0,1.0,1.0,0,0,0,Remaining time vs overrun,Time overrun,Months remaining
N24001521,Critical,0.9995,0.9995,0.9995,0,0,0,Remaining time vs overrun,Months remaining,Time overrun
N24001522,Critical,0.9999,0.9999,0.9999,0,0,0,Remaining time vs overrun,Months remaining,Time overrun
N24001523,Critical,1.0,1.0,1.0,0,0,0,Remaining time vs overrun,Months remaining,Time overrun
N24001524,Critical,1.0,1.0,1.0,0,0,0,Remaining time vs overrun,Time overrun,Months remaining
N24001525,Critical,0.9999,0.9999,0.9999,0,0,0,Remaining time vs overrun,Months remaining,Time overrun
N24001526,Critical,0.9999,0.9999,0.9999,0,0,0,Remaining time vs overrun,Time overrun,Months remaining
N24001527,Critical,0.9983,0.9983,0.9983,0,0,0,Remaining time vs overrun,Time overrun,Months remaining
N24001528,Critical,0.9997,0.9997,0.9997,0,0,0,Remaining time vs overrun,Time overrun,Months remaining
N24001529,Critical,0.9999,0.9999,0.9999,0,0,0,Remaining time vs overrun,Months remaining,Previous expenditure ratio
N24001530,Critical,0.9998,0.9998,0.9998,0,0,0,Remaining time vs overrun,Original cost,Time overrun
N24001531,Critical,0.9999,0.9999,0.9999,0,0,0,Remaining time vs overrun,Months remaining,Time overrun
N24001532,Critical,1.0,1.0,1.0,0,0,0,Remaining time vs overrun,Time overrun,Months remaining
N24001533,Critical,1.0,1.0,1.0,0,0,0,Remaining time vs overrun,Months remaining,Time overrun
N24001534,Critical,1.0,1.0,1.0,0,0,0,Remaining time vs overrun,Months remaining,Cost variance
N24001535,Critical,1.0,1.0,1.0,0,0,0,Remaining time vs overrun,Time overrun,Months remaining
N24001536,Critical,1.0,1.0,1.0,0,0,0,Remaining time vs overrun,Time overrun,Months remaining
N24001537,Critical,0.9999,0.9999,0.9999,0,0,0,Remaining time vs overrun,Months remaining,Time overrun
N24001538,Critical,0.9906,0.9906,0.9906,0,0,0,Remaining time vs overrun,Time overrun,State
N24001539,Critical,0.9901,0.9901,0.9901,0,0,0,Remaining time vs overrun,Time overrun,State
N24001540,Critical,0.9988,0.9988,0.9988,0,0,0,Remaining time vs overrun,Months remaining,State
N24001541,Critical,0.9999,0.9999,0.9999,0,0,0,Remaining time vs overrun,Months remaining,Time overrun
N24001542,Critical,0.9992,0.9992,0.9992,0,0,0,Remaining time vs overrun,Months remaining,Time overrun
N24001543,Critical,0.9995,0.9995,0.9995,0,0,0,Remaining time vs overrun,Time overrun,State
N24001544,Critical,0.9998,0.9998,0.9998,0,0,0,Remaining time vs overrun,Time overrun,Months remaining
N24001545,Critical,1.0,1.0,1.0,0,0,0,Remaining time vs overrun,Months remaining,Time overrun
N24001546,Critical,0.9989,0.9989,0.9989,0,0,0,Remaining time vs overrun,Months remaining,Time overrun
N24001547,High,0.6386,0.6386,0,0.6386,0,0,Remaining time vs overrun,Time overrun,Cumulative expenditure
N24001548,Critical,0.9999,0.9999,0.9999,0,0,0,Remaining time vs overrun,Months remaining,Time overrun
N24001549,Critical,0.9999,0.9999,0.9999,0,0,0,Remaining time vs overrun,Time overrun,Months remaining
N24001550,Critical,0.9999,0.9999,0.9999,0,0,0,Remaining time vs overrun,Time overrun,State
N24001551,Critical,1.0,1.0,1.0,0,0,0,Remaining time vs overrun,Time overrun,Months remaining
N24001552,Critical,1.0,1.0,1.0,0,0,0,Remaining time vs overrun,Time overrun,State
N24001553,Critical,0.9994,0.9994,0.9994,0,0,0,Remaining time vs overrun,Time overrun,Months remaining
N24001554,Critical,0.9989,0.9989,0.9989,0,0,0,Months remaining,Remaining time vs overrun,Time overrun
N24001555,Critical,0.999,0.999,0.999,0,0,0,Remaining time vs overrun,Months remaining,Time overrun
N24001556,Critical,0.9982,0.9982,0.9982,0,0,0,Remaining time vs overrun,Months remaining,Time overrun
N24001557,Critical,0.9999,0.9999,0.9999,0,0,0,Remaining time vs overrun,Months remaining,Time overrun
N24001558,Critical,0.9995,0.9995,0.9995,0,0,0,Remaining time vs overrun,Months remaining,Time overrun
N24001559,Critical,0.9996,0.9996,0.9996,0,0,0,Remaining time vs overrun,Months remaining,Time overrun
N24001560,Critical,0.9999,0.9999,0.9999,0,0,0,Remaining time vs overrun,Time overrun,Months remaining
N24001561,Critical,0.9994,0.9994,0.9994,0,0,0,Remaining time vs overrun,Time overrun,Months remaining
N24001562,Critical,0.9999,0.9999,0.9999,0,0,0,Remaining time vs overrun,Time overrun,Previous expenditure ratio
N24001563,Critical,0.9998,0.9998,0.9998,0,0,0,Remaining time vs overrun,Time overrun,Months remaining
N24001564,Critical,0.9998,0.9998,0.9998,0,0,0,Remaining time vs overrun,Time overrun,Months remaining
N24001565,Critical,0.9996,0.9996,0.9996,0,0,0,Remaining time vs overrun,Months remaining,Time overrun
N24001566,Critical,0.9999,0.9999,0.9999,0,0,0,Original cost,Remaining time vs overrun,Time overrun
N24001567,Critical,0.9999,0.9999,0.9999,0,0,0,Remaining time vs overrun,Time overrun,Months remaining
N24001568,Critical,1.0,1.0,1.0,0,0,0,Remaining time vs overrun,Time overrun,Months remaining
N24001569,Critical,0.9999,0.9999,0.9999,0,0,0,Remaining time vs overrun,Months remaining,Time overrun
N24001571,Critical,0.9999,0.9999,0.9999,0,0,0,Remaining time vs overrun,Months remaining,Time overrun
N24001572,Critical,0.9999,0.9999,0.9999,0,0,0,Remaining time vs overrun,Months remaining,Time overrun
N24001573,Critical,0.9998,0.9998,0.9998,0,0,0,Remaining time vs overrun,Months remaining,Time overrun
N24001574,Critical,0.9998,0.9998,0.9998,0,0,0,Remaining time vs overrun,Months remaining,Time overrun
N24001575,Critical,0.9995,0.9995,0.9995,0,0,0,Remaining time vs overrun,Time overrun,Months remaining
N24001576,Critical,0.9997,0.9997,0.9997,0,0,0,Remaining time vs overrun,Months remaining,Time overrun
N24001577,Critical,0.9995,0.9995,0.9995,0,0,0,Remaining time vs overrun,Months remaining,Time overrun
N24001578,Critical,0.9997,0.9997,0.9997,0,0,0,Remaining time vs overrun,Months remaining,Time overrun
N24001579,Critical,0.9989,0.9989,0.9989,0,0,0,Remaining time vs overrun,Months remaining,Time overrun
N24001580,Critical,0.9999,0.9999,0.9999,0,0,0,Remaining time vs overrun,Months remaining,Time overrun
N24001581,Critical,0.999,0.999,0.999,0,0,0,Remaining time vs overrun,Months remaining,Time overrun
N24001582,Critical,0.9997,0.9997,0.9997,0,0,0,Remaining time vs overrun,Months remaining,Time overrun
N24001583,Critical,0.9998,0.9998,0.9998,0,0,0,Remaining time vs overrun,Months remaining,Time overrun
N24001584,Critical,0.9981,0.9981,0.9981,0,0,0,Remaining time vs overrun,Months remaining,Expenditure ratio
N24001585,Critical,0.9976,0.9976,0.9976,0,0,0,Remaining time vs overrun,Months remaining,Expenditure ratio
N24001586,Critical,1.0,1.0,1.0,0,0,0,Remaining time vs overrun,Months remaining,Time overrun
N24001587,Critical,0.9999,0.9999,0.9999,0,0,0,Remaining time vs overrun,Time overrun,Months remaining
N24001588,Critical,0.9999,0.9999,0.9999,0,0,0,Remaining time vs overrun,Time overrun,State
N24001589,Critical,1.0,1.0,1.0,0,0,0,Remaining time vs overrun,Time overrun,Months remaining
N24001590,Critical,1.0,1.0,1.0,0,0,0,Remaining time vs overrun,Time overrun,Months remaining
N24001591,Critical,1.0,1.0,1.0,0,0,0,Remaining time vs overrun,Time overrun,Previous expenditure ratio
N24001592,Critical,0.9999,0.9999,0.9999,0,0,0,Remaining time vs overrun,Time overrun,State
N24001593,Critical,1.0,1.0,1.0,0,0,0,Remaining time vs overrun,Time overrun,Months remaining
N24001594,Critical,0.9999,0.9999,0.9999,0,0,0,Remaining time vs overrun,Months remaining,Time overrun
N24001595,Critical,1.0,1.0,1.0,0,0,0,Remaining time vs overrun,Time overrun,Months remaining
N24001596,Critical,1.0,1.0,1.0,0,0,0,Remaining time vs overrun,Time overrun,Months remaining
N24001597,Critical,0.9996,0.9996,0.9996,0,0,0,Remaining time vs overrun,Time overrun,Months remaining
N24001598,Critical,0.9977,0.9977,0.9977,0,0,0,Months remaining,Remaining time vs overrun,Time overrun
N24001599,Critical,0.9996,0.9996,0.9996,0,0,0,Remaining time vs overrun,Time overrun,State
N24001600,Critical,0.9997,0.9997,0.9997,0,0,0,Remaining time vs overrun,Months remaining,Time overrun
N24001601,Critical,0.9999,0.9999,0.9999,0,0,0,Remaining time vs overrun,Time overrun,Months remaining
N24001602,Critical,0.9999,0.9999,0.9999,0,0,0,Remaining time vs overrun,Months remaining,Time overrun
N24001603,Critical,1.0,1.0,1.0,0,0,0,Remaining time vs overrun,Months remaining,Time overrun
N24001604,Critical,1.0,1.0,1.0,0,0,0,Remaining time vs overrun,Months remaining,Time overrun
N24001605,Critical,0.9996,0.9996,0.9996,0,0,0,Remaining time vs overrun,Time overrun,Months remaining
N24001606,Critical,0.9994,0.9994,0.9994,0,0,0,Remaining time vs overrun,Time overrun,Months remaining
N24001607,Critical,0.9997,0.9997,0.9997,0,0,0,Remaining time vs overrun,Time overrun,State
N24001608,Critical,0.9982,0.9982,0.9982,0,0,0,Months remaining,Time overrun,Remaining time vs overrun
N24001609,Critical,0.9999,0.9999,0.9999,0,0,0,Remaining time vs overrun,Time overrun,Months remaining
N24001610,Critical,0.9998,0.9998,0.9998,0,0,0,Remaining time vs overrun,Months remaining,Time overrun
N24001611,Critical,0.9999,0.9999,0.9999,0,0,0,Remaining time vs overrun,Time overrun,State
N24001612,Critical,0.9998,0.9998,0.9998,0,0,0,Remaining time vs overrun,Time overrun,Cumulative expenditure
N24001613,Critical,0.9987,0.9987,0.9987,0,0,0,Remaining time vs overrun,Months remaining,Time overrun
N24001614,Critical,0.9991,0.9991,0.9991,0,0,0,Time overrun,Remaining time vs overrun,Months remaining
N24001615,Critical,0.9999,0.9999,0.9999,0,0,0,Remaining time vs overrun,Time overrun,Previous expenditure ratio
N24001616,Critical,0.9999,0.9999,0.9999,0,0,0,Remaining time vs overrun,Months remaining,Time overrun
N24001617,Critical,0.9999,0.9999,0.9999,0,0,0,Remaining time vs overrun,Time overrun,Months remaining
N24001618,Critical,1.0,1.0,1.0,0,0,0,Remaining time vs overrun,Time overrun,Months remaining
N24001619,Critical,1.0,1.0,1.0,0,0,0,Remaining time vs overrun,Time overrun,Months remaining
N24001620,Critical,0.9996,0.9996,0.9996,0,0,0,Remaining time vs overrun,Time overrun,State
N24001621,Critical,0.9997,0.9997,0.9997,0,0,0,Remaining time vs overrun,Time overrun,Months remaining
N24001622,Critical,0.9999,0.9999,0.9999,0,0,0,Remaining time vs overrun,Time overrun,Months remaining
N24001623,Critical,0.9999,0.9999,0.9999,0,0,0,Remaining time vs overrun,Months remaining,Time overrun
N24001624,Critical,1.0,1.0,1.0,0,0,0,Remaining time vs overrun,Original cost,Time overrun
N24001625,Critical,0.9995,0.9995,0.9995,0,0,0,Remaining time vs overrun,Time overrun,Months remaining
N24001626,Critical,0.9963,0.9963,0.9963,0,0,0,Remaining time vs overrun,Months remaining,Time overrun
N24001627,Critical,0.9999,0.9999,0.9999,0,0,0,Remaining time vs overrun,Time overrun,State
N24001628,Critical,0.9997,0.9997,0.9997,0,0,0,Remaining time vs overrun,Time overrun,Months remaining
N24001629,Critical,0.9986,0.9986,0.9986,0,0,0,Remaining time vs overrun,Months remaining,Time overrun
N24001630,Critical,0.9991,0.9991,0.9991,0,0,0,Remaining time vs overrun,Months remaining,Time overrun
N24001631,Critical,0.9991,0.9991,0.9991,0,0,0,Remaining time vs overrun,Months remaining,Time overrun
N24001632,Critical,1.0,1.0,1.0,0,0,0,Remaining time vs overrun,Time overrun,Months remaining
N24001633,Critical,1.0,1.0,1.0,0,0,0,Remaining time vs overrun,Months remaining,Time overrun
N24001634,Critical,1.0,1.0,1.0,0,0,0,Remaining time vs overrun,Months remaining,Time overrun
N24001635,Critical,0.9996,0.9996,0.9996,0,0,0,Remaining time vs overrun,Months remaining,Time overrun
N24001636,Critical,0.9991,0.9991,0.9991,0,0,0,Time overrun,Remaining time vs overrun,Months remaining
N24001637,Critical,0.9997,0.9997,0.9997,0,0,0,Remaining time vs overrun,Months remaining,Time overrun
N24001638,Critical,0.9997,0.9997,0.9997,0,0,0,Remaining time vs overrun,Months remaining,Time overrun
N24001639,Critical,0.9997,0.9997,0.9997,0,0,0,Remaining time vs overrun,Time overrun,Months remaining
N24001640,Critical,0.9999,0.9999,0.9999,0,0,0,Remaining time vs overrun,Months remaining,Time overrun
N24001641,Critical,0.999,0.999,0.999,0,0,0,Remaining time vs overrun,Time overrun,State
N24001642,Critical,0.9992,0.9992,0.9992,0,0,0,Remaining time vs overrun,Time overrun,Cumulative expenditure
N24001643,Critical,0.9998,0.9998,0.9998,0,0,0,Remaining time vs overrun,Time overrun,Months remaining
N24001644,Critical,0.9999,0.9999,0.9999,0,0,0,Remaining time vs overrun,Time overrun,Cost escalation ratio
N24001645,Critical,0.9998,0.9998,0.9998,0,0,0,Remaining time vs overrun,Time overrun,Months remaining
N24001647,Critical,1.0,1.0,1.0,0,0,0,Remaining time vs overrun,Time overrun,Months remaining
N24001648,Low,0.1696,0.8304,0,0,0,0.1696,Remaining time vs overrun,Time overrun,Cumulative expenditure
N24001649,Critical,0.9997,0.9997,0.9997,0,0,0,Remaining time vs overrun,Time overrun,State
N24001650,Critical,0.9998,0.9998,0.9998,0,0,0,Remaining time vs overrun,Time overrun,State
N24001651,Critical,0.9988,0.9988,0.9988,0,0,0,Remaining time vs overrun,Months remaining,Time overrun
N24001652,Critical,1.0,1.0,1.0,0,0,0,Remaining time vs overrun,Time overrun,Months remaining
N24001653,Critical,1.0,1.0,1.0,0,0,0,Remaining time vs overrun,Months remaining,Time overrun
N24001654,Critical,0.9998,0.9998,0.9998,0,0,0,Remaining time vs overrun,Time overrun,State
N24001655,Critical,0.9999,0.9999,0.9999,0,0,0,Remaining time vs overrun,Time overrun,State
N24001656,Critical,0.9999,0.9999,0.9999,0,0,0,Remaining time vs overrun,Time overrun,State
N24001657,Critical,0.9994,0.9994,0.9994,0,0,0,Remaining time vs overrun,Time overrun,State
N24001658,Critical,0.9999,0.9999,0.9999,0,0,0,Remaining time vs overrun,Months remaining,Time overrun
N24001659,Critical,1.0,1.0,1.0,0,0,0,Remaining time vs overrun,Months remaining,Time overrun
N24001660,Critical,0.9999,0.9999,0.9999,0,0,0,Remaining time vs overrun,Time overrun,State
N24001661,Critical,0.9998,0.9998,0.9998,0,0,0,Remaining time vs overrun,Time overrun,State
N24001662,Critical,0.9999,0.9999,0.9999,0,0,0,Remaining time vs overrun,Months remaining,Time overrun
N24001663,Critical,0.9997,0.9997,0.9997,0,0,0,Remaining time vs overrun,Time overrun,State
N24001664,Critical,0.9999,0.9999,0.9999,0,0,0,Remaining time vs overrun,Time overrun,State
N24001665,Critical,0.9997,0.9997,0.9997,0,0,0,Remaining time vs overrun,Time overrun,3-month expenditure change
N24001666,Critical,0.9997,0.9997,0.9997,0,0,0,Remaining time vs overrun,Time overrun,Months remaining
N24001667,Critical,0.9997,0.9997,0.9997,0,0,0,Remaining time vs overrun,Time overrun,3-month expenditure change
N24001668,Critical,0.9995,0.9995,0.9995,0,0,0,Remaining time vs overrun,Time overrun,Months remaining
N24001669,Critical,0.9989,0.9989,0.9989,0,0,0,Remaining time vs overrun,Time overrun,Months remaining
N24001670,Critical,0.9995,0.9995,0.9995,0,0,0,Remaining time vs overrun,Months remaining,Time overrun
N24001671,Critical,0.9996,0.9996,0.9996,0,0,0,Remaining time vs overrun,Months remaining,Time overrun
N24001672,Critical,1.0,1.0,1.0,0,0,0,Remaining time vs overrun,Months remaining,Time overrun
N24001673,Critical,1.0,1.0,1.0,0,0,0,Remaining time vs overrun,Time overrun,Months remaining
N24001674,Critical,0.9999,0.9999,0.9999,0,0,0,Remaining time vs overrun,Time overrun,State
N24001675,Critical,0.9993,0.9993,0.9993,0,0,0,Months remaining,Remaining time vs overrun,Time overrun
N24001676,Critical,0.9985,0.9985,0.9985,0,0,0,Months remaining,Time overrun,Remaining time vs overrun
N24001677,Critical,0.9997,0.9997,0.9997,0,0,0,Remaining time vs overrun,Months remaining,Time overrun
N24001678,Critical,0.9999,0.9999,0.9999,0,0,0,Remaining time vs overrun,Time overrun,Months remaining
N24001679,Critical,0.9996,0.9996,0.9996,0,0,0,Months remaining,Remaining time vs overrun,Time overrun
N24001680,Critical,1.0,1.0,1.0,0,0,0,Remaining time vs overrun,Time overrun,State
N24001681,Critical,0.9992,0.9992,0.9992,0,0,0,Remaining time vs overrun,Time overrun,Previous expenditure ratio
N24001682,Critical,0.9998,0.9998,0.9998,0,0,0,Remaining time vs overrun,Time overrun,State
N24001683,Critical,1.0,1.0,1.0,0,0,0,Remaining time vs overrun,Time overrun,Months remaining
N24001684,Critical,0.9998,0.9998,0.9998,0,0,0,Remaining time vs overrun,Time overrun,Months remaining
N24001685,Critical,1.0,1.0,1.0,0,0,0,Remaining time vs overrun,Months remaining,Time overrun
N24001686,Critical,0.9998,0.9998,0.9998,0,0,0,Remaining time vs overrun,Time overrun,State
N24001687,Critical,0.9998,0.9998,0.9998,0,0,0,Remaining time vs overrun,Time overrun,State
N24001688,Critical,1.0,1.0,1.0,0,0,0,Remaining time vs overrun,Months remaining,Time overrun
N24001689,Critical,1.0,1.0,1.0,0,0,0,Remaining time vs overrun,Months remaining,Time overrun
N24001690,Critical,0.9999,0.9999,0.9999,0,0,0,Remaining time vs overrun,Time overrun,State
N24001691,Critical,0.9999,0.9999,0.9999,0,0,0,Remaining time vs overrun,Time overrun,Previous expenditure ratio
N24001692,Critical,0.9988,0.9988,0.9988,0,0,0,Remaining time vs overrun,Time overrun,Months remaining
N24001693,Critical,0.9998,0.9998,0.9998,0,0,0,Remaining time vs overrun,Months remaining,Time overrun
N24001694,Critical,0.9998,0.9998,0.9998,0,0,0,Remaining time vs overrun,Months remaining,Time overrun
N24001695,Critical,1.0,1.0,1.0,0,0,0,Remaining time vs overrun,Months remaining,Time overrun
N24001696,Critical,0.9998,0.9998,0.9998,0,0,0,Remaining time vs overrun,Months remaining,Time overrun
N24001697,Critical,0.9996,0.9996,0.9996,0,0,0,Remaining time vs overrun,Time overrun,State
N24001698,Critical,0.9999,0.9999,0.9999,0,0,0,Remaining time vs overrun,Time overrun,State
N24001699,Critical,0.9997,0.9997,0.9997,0,0,0,Remaining time vs overrun,Time overrun,State
N24001700,Critical,0.9998,0.9998,0.9998,0,0,0,Remaining time vs overrun,Months remaining,Time overrun
N24001701,Critical,0.9998,0.9998,0.9998,0,0,0,Remaining time vs overrun,Time overrun,State
N24001702,Critical,1.0,1.0,1.0,0,0,0,Remaining time vs overrun,Months remaining,Time overrun
N24001703,Critical,0.9994,0.9994,0.9994,0,0,0,Remaining time vs overrun,Months remaining,Time overrun
N24001704,Critical,0.9992,0.9992,0.9992,0,0,0,Remaining time vs overrun,Previous expenditure ratio,Time overrun
N24001705,Critical,0.9998,0.9998,0.9998,0,0,0,Remaining time vs overrun,Time overrun,State
N24001706,Critical,1.0,1.0,1.0,0,0,0,Remaining time vs overrun,Months remaining,Cost variance
N24001707,Critical,0.9999,0.9999,0.9999,0,0,0,Remaining time vs overrun,Months remaining,Time overrun
N24001708,Critical,1.0,1.0,1.0,0,0,0,Remaining time vs overrun,Time overrun,Months remaining
N24001709,Critical,1.0,1.0,1.0,0,0,0,Remaining time vs overrun,Time overrun,Months remaining
N24001710,Critical,0.9991,0.9991,0.9991,0,0,0,Original cost,Remaining time vs overrun,Time overrun
N24001711,Critical,0.9998,0.9998,0.9998,0,0,0,Remaining time vs overrun,Months remaining,Time overrun
N24001712,Critical,1.0,1.0,1.0,0,0,0,Remaining time vs overrun,Time overrun,Months remaining
N24001713,Critical,1.0,1.0,1.0,0,0,0,Remaining time vs overrun,Months remaining,Time overrun
N24001715,Critical,1.0,1.0,1.0,0,0,0,Remaining time vs overrun,Time overrun,Months remaining
N24001716,Critical,0.9996,0.9996,0.9996,0,0,0,Remaining time vs overrun,Time overrun,Months remaining
N24001717,Critical,0.9996,0.9996,0.9996,0,0,0,Remaining time vs overrun,Time overrun,Cumulative expenditure
N24001718,Critical,0.9994,0.9994,0.9994,0,0,0,Remaining time vs overrun,Time overrun,Cumulative expenditure
N24001719,Critical,0.9999,0.9999,0.9999,0,0,0,Remaining time vs overrun,Time overrun,Cumulative expenditure
N24001720,Critical,0.9999,0.9999,0.9999,0,0,0,Remaining time vs overrun,Time overrun,Months remaining
N24001721,Critical,0.9997,0.9997,0.9997,0,0,0,Remaining time vs overrun,Time overrun,Cost variance
N24001722,Critical,0.9997,0.9997,0.9997,0,0,0,Remaining time vs overrun,Time overrun,Months remaining
N24001723,Critical,0.9999,0.9999,0.9999,0,0,0,Remaining time vs overrun,Months remaining,Time overrun
N24001724,Critical,1.0,1.0,1.0,0,0,0,Remaining time vs overrun,Time overrun,Months remaining
N24001725,Critical,0.9997,0.9997,0.9997,0,0,0,Remaining time vs overrun,Months remaining,Time overrun
N24001726,Critical,0.9984,0.9984,0.9984,0,0,0,Remaining time vs overrun,Months remaining,Time overrun
N24001727,Critical,0.9997,0.9997,0.9997,0,0,0,Remaining time vs overrun,Months remaining,Time overrun
N24001728,Critical,0.9984,0.9984,0.9984,0,0,0,Remaining time vs overrun,Months remaining,Time overrun
N24001729,Critical,0.9999,0.9999,0.9999,0,0,0,Remaining time vs overrun,Time overrun,Months remaining
N24001730,Critical,1.0,1.0,1.0,0,0,0,Remaining time vs overrun,Months remaining,Time overrun
N24001731,Critical,0.9999,0.9999,0.9999,0,0,0,Months remaining,Remaining time vs overrun,Time overrun
N24001732,Critical,0.9997,0.9997,0.9997,0,0,0,Remaining time vs overrun,Months remaining,Time overrun
N24001733,Critical,0.9998,0.9998,0.9998,0,0,0,Remaining time vs overrun,Months remaining,Time overrun
N24001734,Critical,0.9998,0.9998,0.9998,0,0,0,Remaining time vs overrun,Months remaining,Time overrun
N24001735,Critical,0.9999,0.9999,0.9999,0,0,0,Remaining time vs overrun,Months remaining,Time overrun
N24001736,Critical,0.9999,0.9999,0.9999,0,0,0,Remaining time vs overrun,Months remaining,Time overrun
N24001737,Critical,0.9997,0.9997,0.9997,0,0,0,Remaining time vs overrun,Months remaining,Time overrun
N24001738,Critical,0.9999,0.9999,0.9999,0,0,0,Remaining time vs overrun,Months remaining,Time overrun
N24001739,Critical,1.0,1.0,1.0,0,0,0,Remaining time vs overrun,Months remaining,Time overrun
N24001740,Critical,0.9999,0.9999,0.9999,0,0,0,Remaining time vs overrun,Months remaining,Time overrun
N24001741,Critical,0.9999,0.9999,0.9999,0,0,0,Remaining time vs overrun,Time overrun,Months remaining
N24001742,Critical,0.9999,0.9999,0.9999,0,0,0,Remaining time vs overrun,Months remaining,Time overrun
N24001743,Critical,0.9999,0.9999,0.9999,0,0,0,Remaining time vs overrun,Time overrun,Months remaining
N24001744,Critical,0.9998,0.9998,0.9998,0,0,0,Remaining time vs overrun,Time overrun,Months remaining
N24001745,Critical,0.9997,0.9997,0.9997,0,0,0,Months remaining,Cost variance,Time overrun
N24001746,Critical,0.9995,0.9995,0.9995,0,0,0,Remaining time vs overrun,Time overrun,Months remaining
N24001747,Critical,1.0,1.0,1.0,0,0,0,Remaining time vs overrun,Months remaining,Time overrun
N24001748,Critical,1.0,1.0,1.0,0,0,0,Remaining time vs overrun,Time overrun,Previous expenditure ratio
N24001749,Critical,0.9999,0.9999,0.9999,0,0,0,Remaining time vs overrun,Time overrun,Months remaining
N24001750,Critical,0.9999,0.9999,0.9999,0,0,0,Remaining time vs overrun,Time overrun,Months remaining
N24001751,Critical,0.9999,0.9999,0.9999,0,0,0,Remaining time vs overrun,Time overrun,Months remaining
N24001752,Critical,0.9999,0.9999,0.9999,0,0,0,Remaining time vs overrun,Time overrun,Months remaining
N24001753,Critical,0.9999,0.9999,0.9999,0,0,0,Remaining time vs overrun,Months remaining,Time overrun
N24001754,Critical,0.998,0.998,0.998,0,0,0,Remaining time vs overrun,Months remaining,Time overrun
N24001755,Critical,1.0,1.0,1.0,0,0,0,Remaining time vs overrun,Months remaining,Time overrun
N24001756,Critical,1.0,1.0,1.0,0,0,0,Remaining time vs overrun,Months remaining,Time overrun
N24001757,Critical,0.9989,0.9989,0.9989,0,0,0,Remaining time vs overrun,Months remaining,Time overrun
N24001758,Critical,0.9998,0.9998,0.9998,0,0,0,Remaining time vs overrun,Months remaining,Time overrun
N24001759,Critical,0.9998,0.9998,0.9998,0,0,0,Remaining time vs overrun,Time overrun,Months remaining
N24001760,Critical,0.9987,0.9987,0.9987,0,0,0,Remaining time vs overrun,Months remaining,Time overrun
N24001761,Critical,0.9993,0.9993,0.9993,0,0,0,Remaining time vs overrun,Months remaining,Time overrun
N24001762,Critical,0.9999,0.9999,0.9999,0,0,0,Remaining time vs overrun,Months remaining,Time overrun
N24001763,Critical,0.9999,0.9999,0.9999,0,0,0,Remaining time vs overrun,Months remaining,Time overrun
N24001764,Critical,0.9999,0.9999,0.9999,0,0,0,Remaining time vs overrun,Months remaining,Time overrun
N24001765,Critical,0.9995,0.9995,0.9995,0,0,0,Remaining time vs overrun,Time overrun,State
N24001766,Critical,0.9999,0.9999,0.9999,0,0,0,Remaining time vs overrun,Months remaining,Time overrun
N24001767,Critical,0.9998,0.9998,0.9998,0,0,0,Remaining time vs overrun,Months remaining,Time overrun
N24001768,Critical,0.9998,0.9998,0.9998,0,0,0,Remaining time vs overrun,Months remaining,Time overrun
N24001769,Critical,1.0,1.0,1.0,0,0,0,Remaining time vs overrun,Time overrun,Months remaining
N24001770,Critical,0.9998,0.9998,0.9998,0,0,0,Remaining time vs overrun,Months remaining,Time overrun
N24001771,Critical,0.9997,0.9997,0.9997,0,0,0,Time overrun,Remaining time vs overrun,Months remaining
N24001772,Critical,0.9999,0.9999,0.9999,0,0,0,Remaining time vs overrun,Months remaining,Time overrun
N24001773,Critical,0.9999,0.9999,0.9999,0,0,0,Remaining time vs overrun,Time overrun,State
N24001774,Critical,1.0,1.0,1.0,0,0,0,Remaining time vs overrun,Months remaining,Time overrun
N24001775,Critical,1.0,1.0,1.0,0,0,0,Remaining time vs overrun,Months remaining,Time overrun
N24001776,Critical,0.9997,0.9997,0.9997,0,0,0,Months remaining,Remaining time vs overrun,Time overrun
N24001777,Critical,0.9999,0.9999,0.9999,0,0,0,Remaining time vs overrun,Time overrun,Months remaining
N24001778,Critical,0.9999,0.9999,0.9999,0,0,0,Remaining time vs overrun,Months remaining,Time overrun
N24001779,Critical,1.0,1.0,1.0,0,0,0,Remaining time vs overrun,Time overrun,Months remaining
N24001780,Critical,1.0,1.0,1.0,0,0,0,Remaining time vs overrun,Months remaining,Time overrun
N24001781,Critical,1.0,1.0,1.0,0,0,0,Remaining time vs overrun,Months remaining,Time overrun
N24001782,Critical,1.0,1.0,1.0,0,0,0,Remaining time vs overrun,Months remaining,Time overrun
N24001783,Critical,1.0,1.0,1.0,0,0,0,Remaining time vs overrun,Months remaining,Time overrun
N24001784,Critical,1.0,1.0,1.0,0,0,0,Remaining time vs overrun,Months remaining,Time overrun
N24001785,Critical,0.9982,0.9982,0.9982,0,0,0,Time overrun,Months remaining,Remaining time vs overrun
N24001786,Critical,0.9993,0.9993,0.9993,0,0,0,Remaining time vs overrun,Time overrun,Previous expenditure ratio
N24001787,Critical,0.9999,0.9999,0.9999,0,0,0,Remaining time vs overrun,Months remaining,Time overrun
N24001788,Critical,1.0,1.0,1.0,0,0,0,Remaining time vs overrun,Time overrun,Months remaining
N24001789,Critical,0.9999,0.9999,0.9999,0,0,0,Remaining time vs overrun,Time overrun,Months remaining
N24001790,Critical,0.9999,0.9999,0.9999,0,0,0,Remaining time vs overrun,Months remaining,Time overrun
N24001791,Critical,0.9999,0.9999,0.9999,0,0,0,Remaining time vs overrun,Months remaining,Time overrun
N24001792,Critical,1.0,1.0,1.0,0,0,0,Remaining time vs overrun,Months remaining,Time overrun
N24001793,Critical,0.9999,0.9999,0.9999,0,0,0,Remaining time vs overrun,Time overrun,Months remaining
N24001794,Critical,0.9999,0.9999,0.9999,0,0,0,Remaining time vs overrun,Months remaining,Time overrun
N24001795,Critical,1.0,1.0,1.0,0,0,0,Remaining time vs overrun,Months remaining,Time overrun
N24001796,Critical,0.9999,0.9999,0.9999,0,0,0,Remaining time vs overrun,Time overrun,Months remaining
N24001797,Critical,1.0,1.0,1.0,0,0,0,Remaining time vs overrun,Time overrun,Months remaining
N24001798,Critical,0.9999,0.9999,0.9999,0,0,0,Remaining time vs overrun,Months remaining,Time overrun
N24001799,Critical,1.0,1.0,1.0,0,0,0,Remaining time vs overrun,Time overrun,Expenditure ratio
N24001800,Critical,0.9997,0.9997,0.9997,0,0,0,Remaining time vs overrun,Months remaining,Time overrun
N24001801,Critical,0.9997,0.9997,0.9997,0,0,0,Remaining time vs overrun,Months remaining,Time overrun
N24001802,Critical,0.9997,0.9997,0.9997,0,0,0,Remaining time vs overrun,Months remaining,Time overrun
N24001803,Critical,1.0,1.0,1.0,0,0,0,Remaining time vs overrun,Months remaining,Time overrun
N24001804,Critical,1.0,1.0,1.0,0,0,0,Remaining time vs overrun,Time overrun,Months remaining
N24001805,Critical,1.0,1.0,1.0,0,0,0,Remaining time vs overrun,Months remaining,Time overrun
N24001806,Critical,1.0,1.0,1.0,0,0,0,Remaining time vs overrun,Months remaining,Time overrun
N24001807,Critical,1.0,1.0,1.0,0,0,0,Remaining time vs overrun,Time overrun,Months remaining
N24001808,Critical,1.0,1.0,1.0,0,0,0,Remaining time vs overrun,Months remaining,Time overrun
N24001809,Critical,1.0,1.0,1.0,0,0,0,Remaining time vs overrun,Time overrun,Months remaining
N24001810,Critical,1.0,1.0,1.0,0,0,0,Remaining time vs overrun,Months remaining,Time overrun
N24001811,Critical,0.9998,0.9998,0.9998,0,0,0,Remaining time vs overrun,Time overrun,Months remaining
N24001812,Critical,0.9998,0.9998,0.9998,0,0,0,Remaining time vs overrun,Time overrun,State
N24001813,Critical,0.9999,0.9999,0.9999,0,0,0,Remaining time vs overrun,Months remaining,Time overrun
N24001815,Critical,0.9998,0.9998,0.9998,0,0,0,Remaining time vs overrun,Months remaining,Time overrun
N24001816,Critical,1.0,1.0,1.0,0,0,0,Remaining time vs overrun,Months remaining,Time overrun
N24001817,Critical,0.9999,0.9999,0.9999,0,0,0,Remaining time vs overrun,Time overrun,Months remaining
N24001818,Critical,0.9997,0.9997,0.9997,0,0,0,Remaining time vs overrun,Months remaining,Time overrun
N24001819,Critical,0.9999,0.9999,0.9999,0,0,0,Remaining time vs overrun,Months remaining,Time overrun
N24001820,Critical,0.9999,0.9999,0.9999,0,0,0,Remaining time vs overrun,Months remaining,Time overrun
N24001821,Critical,0.9998,0.9998,0.9998,0,0,0,Remaining time vs overrun,Time overrun,Months remaining
N24001822,Critical,0.9998,0.9998,0.9998,0,0,0,Remaining time vs overrun,Months remaining,Time overrun
N24001823,Critical,0.9999,0.9999,0.9999,0,0,0,Remaining time vs overrun,Months remaining,Time overrun
N24001824,Critical,1.0,1.0,1.0,0,0,0,Remaining time vs overrun,Months remaining,Time overrun
N24001825,Critical,0.9999,0.9999,0.9999,0,0,0,Remaining time vs overrun,Time overrun,Months remaining
N24001826,Critical,1.0,1.0,1.0,0,0,0,Remaining time vs overrun,Months remaining,Time overrun
N24001827,Critical,1.0,1.0,1.0,0,0,0,Original cost,Remaining time vs overrun,Months remaining
N24001828,Critical,0.9998,0.9998,0.9998,0,0,0,Remaining time vs overrun,Months remaining,Time overrun
N24001829,Critical,1.0,1.0,1.0,0,0,0,Remaining time vs overrun,Months remaining,Time overrun
N24001830,Critical,1.0,1.0,1.0,0,0,0,Remaining time vs overrun,Months remaining,Time overrun
N24001831,Critical,0.9998,0.9998,0.9998,0,0,0,Remaining time vs overrun,Time overrun,State
N24001832,Critical,0.998,0.998,0.998,0,0,0,Remaining time vs overrun,Months remaining,Time overrun
N24001833,Critical,0.9996,0.9996,0.9996,0,0,0,Remaining time vs overrun,Time overrun,State
N24001834,Critical,0.9995,0.9995,0.9995,0,0,0,Remaining time vs overrun,Months remaining,Time overrun
N24001835,Critical,0.9966,0.9966,0.9966,0,0,0,Months remaining,Remaining time vs overrun,Time overrun
N24001836,Critical,0.9994,0.9994,0.9994,0,0,0,Remaining time vs overrun,Time overrun,Cumulative expenditure
N24001837,Critical,0.9997,0.9997,0.9997,0,0,0,Remaining time vs overrun,Time overrun,Months remaining
N24001838,Critical,0.9998,0.9998,0.9998,0,0,0,Remaining time vs overrun,Time overrun,Months remaining
N24001839,Critical,0.9995,0.9995,0.9995,0,0,0,Remaining time vs overrun,Months remaining,Time overrun
N24001840,Critical,0.9999,0.9999,0.9999,0,0,0,Remaining time vs overrun,Months remaining,Time overrun
N24001841,Critical,0.9976,0.9976,0.9976,0,0,0,Time overrun,State,Remaining time vs overrun
N24001842,Low,0.1925,0.8075,0,0,0,0.1925,Remaining time vs overrun,Time overrun,State
N24001843,Critical,0.9226,0.9226,0.9226,0,0,0,Remaining time vs overrun,Time overrun,State
N24001844,Critical,0.9481,0.9481,0.9481,0,0,0,Remaining time vs overrun,Time overrun,Months remaining
N24001845,Critical,0.9377,0.9377,0.9377,0,0,0,Remaining time vs overrun,Months remaining,Time overrun
N24001846,Critical,0.9391,0.9391,0.9391,0,0,0,Remaining time vs overrun,Time overrun,Months remaining
N24001847,Critical,0.7956,0.7956,0.7956,0,0,0,Remaining time vs overrun,Time overrun,State
N24001848,Critical,0.9802,0.9802,0.9802,0,0,0,Remaining time vs overrun,Months remaining,Time overrun
N24001849,Critical,0.9965,0.9965,0.9965,0,0,0,Time overrun,State,Remaining time vs overrun
N24001850,Critical,0.8545,0.8545,0.8545,0,0,0,Remaining time vs overrun,Time overrun,Months remaining
N24001851,Critical,0.9998,0.9998,0.9998,0,0,0,Remaining time vs overrun,Months remaining,Time overrun
N24001852,Critical,1.0,1.0,1.0,0,0,0,Remaining time vs overrun,Months remaining,Previous expenditure ratio
N24001853,Critical,0.9999,0.9999,0.9999,0,0,0,Remaining time vs overrun,Months remaining,Time overrun
N24001854,Critical,0.9999,0.9999,0.9999,0,0,0,Months remaining,Remaining time vs overrun,Time overrun
N24001855,Critical,0.9979,0.9979,0.9979,0,0,0,Months remaining,Remaining time vs overrun,Time overrun
N24001856,Critical,0.9966,0.9966,0.9966,0,0,0,Remaining time vs overrun,Time overrun,Months remaining
N24001857,Critical,0.9996,0.9996,0.9996,0,0,0,Remaining time vs overrun,Months remaining,Time overrun
N24001858,Critical,0.9931,0.9931,0.9931,0,0,0,Months remaining,Remaining time vs overrun,Time overrun
N24001859,Critical,0.9996,0.9996,0.9996,0,0,0,Remaining time vs overrun,Time overrun,Months remaining
N24001860,Critical,0.9991,0.9991,0.9991,0,0,0,Remaining time vs overrun,Time overrun,Months remaining
N24001861,Critical,0.9997,0.9997,0.9997,0,0,0,Remaining time vs overrun,Original cost,Months remaining
N24001862,Critical,0.9824,0.9824,0.9824,0,0,0,Time overrun,Remaining time vs overrun,Expenditure ratio
N24001863,Critical,1.0,1.0,1.0,0,0,0,Remaining time vs overrun,Original cost,Time overrun
N24001864,Critical,0.9982,0.9982,0.9982,0,0,0,Months remaining,Remaining time vs overrun,Original cost
N24001865,Critical,0.9974,0.9974,0.9974,0,0,0,Remaining time vs overrun,Time overrun,Months remaining
N24001866,Critical,0.9997,0.9997,0.9997,0,0,0,Remaining time vs overrun,Time overrun,Months remaining
N24001867,Critical,0.9999,0.9999,0.9999,0,0,0,Remaining time vs overrun,Time overrun,Months remaining
N24001868,Critical,0.9892,0.9892,0.9892,0,0,0,Months remaining,Remaining time vs overrun,Time overrun
N24001869,Critical,0.9883,0.9883,0.9883,0,0,0,Remaining time vs overrun,Time overrun,Months remaining
N24001870,Critical,0.9989,0.9989,0.9989,0,0,0,Remaining time vs overrun,Time overrun,State
N24001875,Critical,0.9998,0.9998,0.9998,0,0,0,Remaining time vs overrun,Months remaining,Time overrun
N24001876,Critical,0.9992,0.9992,0.9992,0,0,0,Remaining time vs overrun,Time overrun,State
N24001877,Low,0.0264,0.9736,0,0,0,0.0264,Remaining time vs overrun,Time overrun,Original cost
N24001878,Critical,0.9995,0.9995,0.9995,0,0,0,Remaining time vs overrun,Months remaining,Time overrun
N24001879,Critical,0.9976,0.9976,0.9976,0,0,0,Remaining time vs overrun,Time overrun,Months remaining
N24001880,Critical,0.9981,0.9981,0.9981,0,0,0,Remaining time vs overrun,Time overrun,Months remaining
N24001881,Critical,0.9998,0.9998,0.9998,0,0,0,Remaining time vs overrun,Time overrun,Months remaining
N24001882,Critical,0.9992,0.9992,0.9992,0,0,0,Remaining time vs overrun,Months remaining,Time overrun
N24001883,Critical,0.9997,0.9997,0.9997,0,0,0,Remaining time vs overrun,Months remaining,Time overrun
N24001884,Critical,0.9989,0.9989,0.9989,0,0,0,Remaining time vs overrun,Months remaining,Time overrun
N24001885,Critical,0.9993,0.9993,0.9993,0,0,0,Remaining time vs overrun,Months remaining,Time overrun
N24001886,Critical,0.9996,0.9996,0.9996,0,0,0,Remaining time vs overrun,Months remaining,Time overrun
N24001887,Critical,0.9996,0.9996,0.9996,0,0,0,Remaining time vs overrun,Months remaining,Time overrun
N24001888,Critical,0.9998,0.9998,0.9998,0,0,0,Remaining time vs overrun,Months remaining,Time overrun
N24001889,Critical,0.9999,0.9999,0.9999,0,0,0,Remaining time vs overrun,Months remaining,Time overrun
N24001890,Critical,0.9995,0.9995,0.9995,0,0,0,Remaining time vs overrun,Months remaining,Time overrun
N24001891,Critical,0.9998,0.9998,0.9998,0,0,0,Remaining time vs overrun,Months remaining,Time overrun
N24001892,Critical,0.9989,0.9989,0.9989,0,0,0,Remaining time vs overrun,Months remaining,Time overrun
N24001893,Critical,0.9998,0.9998,0.9998,0,0,0,Remaining time vs overrun,Months remaining,Time overrun
N24001894,Critical,0.9999,0.9999,0.9999,0,0,0,Remaining time vs overrun,Months remaining,Time overrun
N24001895,Critical,0.9999,0.9999,0.9999,0,0,0,Remaining time vs overrun,Months remaining,Time overrun
N24001896,Critical,0.9999,0.9999,0.9999,0,0,0,Remaining time vs overrun,Months remaining,Time overrun
N24001897,Critical,0.9996,0.9996,0.9996,0,0,0,Remaining time vs overrun,Months remaining,Time overrun
N24001898,Critical,0.9997,0.9997,0.9997,0,0,0,Remaining time vs overrun,Months remaining,Time overrun
N24001899,Critical,0.9999,0.9999,0.9999,0,0,0,Remaining time vs overrun,Months remaining,Time overrun
N24001900,Critical,0.9999,0.9999,0.9999,0,0,0,Remaining time vs overrun,Months remaining,Time overrun
N24001901,Critical,1.0,1.0,1.0,0,0,0,Remaining time vs overrun,Original cost,Months remaining
N24001902,Critical,0.9992,0.9992,0.9992,0,0,0,Remaining time vs overrun,Months remaining,Time overrun
N24001903,Critical,0.9989,0.9989,0.9989,0,0,0,Remaining time vs overrun,Months remaining,Time overrun
N24001904,Critical,0.9997,0.9997,0.9997,0,0,0,Remaining time vs overrun,Months remaining,Time overrun
N24001905,Critical,0.9999,0.9999,0.9999,0,0,0,Remaining time vs overrun,Months remaining,Time overrun
N24001906,Critical,0.9995,0.9995,0.9995,0,0,0,Remaining time vs overrun,Months remaining,Time overrun
N24001907,Critical,0.9999,0.9999,0.9999,0,0,0,Remaining time vs overrun,Months remaining,Original cost
N24001908,Critical,0.9999,0.9999,0.9999,0,0,0,Remaining time vs overrun,Months remaining,Time overrun
N24001909,Critical,1.0,1.0,1.0,0,0,0,Remaining time vs overrun,Months remaining,Original cost
N24001910,Critical,0.9999,0.9999,0.9999,0,0,0,Remaining time vs overrun,Months remaining,Original cost
N24001911,Critical,1.0,1.0,1.0,0,0,0,Remaining time vs overrun,Months remaining,Original cost
N24001912,Critical,0.9992,0.9992,0.9992,0,0,0,Remaining time vs overrun,Time overrun,Original cost
N24001913,Critical,0.9999,0.9999,0.9999,0,0,0,Remaining time vs overrun,Months remaining,Original cost
N24001914,Critical,0.9997,0.9997,0.9997,0,0,0,Remaining time vs overrun,Time overrun,3-month expenditure change
N24001915,Low,0.045,0.955,0,0,0,0.045,Remaining time vs overrun,Time overrun,Previous expenditure ratio
N24001916,Low,0.0231,0.9769,0,0,0,0.0231,Remaining time vs overrun,Time overrun,State
N24001917,Critical,0.9998,0.9998,0.9998,0,0,0,Remaining time vs overrun,Months remaining,Time overrun
N24001918,Critical,0.9999,0.9999,0.9999,0,0,0,Remaining time vs overrun,Months remaining,Time overrun
N24001919,Critical,0.9999,0.9999,0.9999,0,0,0,Remaining time vs overrun,Months remaining,Time overrun
N24001920,Critical,0.9999,0.9999,0.9999,0,0,0,Remaining time vs overrun,Months remaining,Time overrun
N24001921,Critical,0.8764,0.8764,0.8764,0,0,0,Remaining time vs overrun,Time overrun,Months remaining
N24001922,Critical,1.0,1.0,1.0,0,0,0,Remaining time vs overrun,Original cost,Months remaining
N24001923,Critical,0.9998,0.9998,0.9998,0,0,0,Remaining time vs overrun,Months remaining,Time overrun
N24001924,Critical,0.9973,0.9973,0.9973,0,0,0,Remaining time vs overrun,Time overrun,Months remaining
N24001925,Critical,0.9718,0.9718,0.9718,0,0,0,Remaining time vs overrun,Time overrun,Expenditure ratio
N24001926,Critical,0.9893,0.9893,0.9893,0,0,0,Time overrun,Months remaining,Remaining time vs overrun
N24001927,High,0.522,0.522,0,0.522,0,0,Remaining time vs overrun,Time overrun,Months remaining
N24001928,Critical,0.9979,0.9979,0.9979,0,0,0,Remaining time vs overrun,Time overrun,Cumulative expenditure
N24001929,Medium,0.2953,0.7047,0,0,0.2953,0,Remaining time vs overrun,Time overrun,State
N24001930,Critical,0.9969,0.9969,0.9969,0,0,0,Time overrun,Remaining time vs overrun,Previous expenditure ratio
N24001931,Critical,0.9995,0.9995,0.9995,0,0,0,Remaining time vs overrun,Months remaining,Time overrun
N24001932,Critical,0.9995,0.9995,0.9995,0,0,0,Remaining time vs overrun,Time overrun,Months remaining
N24001933,Critical,0.9999,0.9999,0.9999,0,0,0,Remaining time vs overrun,Months remaining,Previous expenditure ratio
N24001934,Critical,0.9994,0.9994,0.9994,0,0,0,Remaining time vs overrun,Time overrun,State
N24001935,Critical,0.9994,0.9994,0.9994,0,0,0,Remaining time vs overrun,Months remaining,Time overrun
N24001936,Critical,0.9998,0.9998,0.9998,0,0,0,Remaining time vs overrun,Months remaining,Time overrun
N24001937,Critical,0.9996,0.9996,0.9996,0,0,0,Remaining time vs overrun,Months remaining,Time overrun
N24001938,Critical,0.9998,0.9998,0.9998,0,0,0,Remaining time vs overrun,Time overrun,Months remaining
N24001939,Critical,0.9995,0.9995,0.9995,0,0,0,Remaining time vs overrun,Time overrun,State
N24001940,Critical,0.8451,0.8451,0.8451,0,0,0,Remaining time vs overrun,Time overrun,Months remaining
N24001941,Critical,0.9991,0.9991,0.9991,0,0,0,Remaining time vs overrun,Months remaining,Time overrun
N24001942,Critical,0.9999,0.9999,0.9999,0,0,0,Remaining time vs overrun,Time overrun,Months remaining
N24001943,Critical,1.0,1.0,1.0,0,0,0,Remaining time vs overrun,Months remaining,Original cost
N24001944,Critical,0.9997,0.9997,0.9997,0,0,0,Remaining time vs overrun,Months remaining,Time overrun
N24001945,Critical,1.0,1.0,1.0,0,0,0,Remaining time vs overrun,Months remaining,Time overrun
N24001946,Critical,0.9983,0.9983,0.9983,0,0,0,Remaining time vs overrun,Months remaining,Time overrun
N24001947,Critical,0.9999,0.9999,0.9999,0,0,0,Remaining time vs overrun,Months remaining,Time overrun
N24001948,Critical,0.9997,0.9997,0.9997,0,0,0,Remaining time vs overrun,Months remaining,Time overrun
N24001949,Critical,0.9999,0.9999,0.9999,0,0,0,Remaining time vs overrun,Months remaining,Time overrun
N24001950,Critical,0.9996,0.9996,0.9996,0,0,0,Remaining time vs overrun,Months remaining,Time overrun
N24001951,Critical,0.9994,0.9994,0.9994,0,0,0,Remaining time vs overrun,Months remaining,Time overrun
N24001952,Critical,0.9992,0.9992,0.9992,0,0,0,Remaining time vs overrun,Time overrun,Months remaining
N24001953,Critical,0.9998,0.9998,0.9998,0,0,0,Remaining time vs overrun,Months remaining,Time overrun
N24001954,Critical,0.9997,0.9997,0.9997,0,0,0,Remaining time vs overrun,Months remaining,Time overrun
N24001955,Critical,0.9996,0.9996,0.9996,0,0,0,Remaining time vs overrun,Months remaining,Time overrun
N24001956,Critical,0.9999,0.9999,0.9999,0,0,0,Remaining time vs overrun,Months remaining,Time overrun
N24001957,Critical,0.9997,0.9997,0.9997,0,0,0,Remaining time vs overrun,Time overrun,Months remaining
N24001958,Critical,0.9997,0.9997,0.9997,0,0,0,Remaining time vs overrun,Time overrun,Months remaining
N24001959,Critical,0.8345,0.8345,0.8345,0,0,0,Remaining time vs overrun,Time overrun,Months remaining
N24001960,Critical,0.9999,0.9999,0.9999,0,0,0,Remaining time vs overrun,Months remaining,Time overrun
N24001961,Critical,1.0,1.0,1.0,0,0,0,Remaining time vs overrun,Months remaining,Original cost
N24001962,Critical,0.9997,0.9997,0.9997,0,0,0,Remaining time vs overrun,Months remaining,Time overrun
N24001963,Critical,0.9996,0.9996,0.9996,0,0,0,Remaining time vs overrun,Time overrun,State
N24001964,Critical,0.9987,0.9987,0.9987,0,0,0,Remaining time vs overrun,Months remaining,Time overrun
N24001965,Critical,0.9994,0.9994,0.9994,0,0,0,Remaining time vs overrun,Time overrun,State
N24001966,Critical,0.9994,0.9994,0.9994,0,0,0,Remaining time vs overrun,Time overrun,Months remaining
N24001967,High,0.5061,0.5061,0,0.5061,0,0,Remaining time vs overrun,Time overrun,State
N24001968,Critical,0.9973,0.9973,0.9973,0,0,0,Months remaining,Remaining time vs overrun,Time overrun
N24001969,Critical,0.9894,0.9894,0.9894,0,0,0,Time overrun,Months remaining,Remaining time vs overrun
N24001970,Critical,0.9942,0.9942,0.9942,0,0,0,Time overrun,Months remaining,Remaining time vs overrun
N24001971,Critical,0.9854,0.9854,0.9854,0,0,0,Time overrun,Months remaining,Remaining time vs overrun
N24001972,Low,0.0292,0.9708,0,0,0,0.0292,Remaining time vs overrun,Time overrun,State
N24001973,Low,0.0333,0.9667,0,0,0,0.0333,Remaining time vs overrun,Time overrun,State
N24001974,Critical,0.9965,0.9965,0.9965,0,0,0,Remaining time vs overrun,Time overrun,State
N24001975,Critical,0.9969,0.9969,0.9969,0,0,0,Remaining time vs overrun,Time overrun,State
N24001976,Low,0.1739,0.8261000000000001,0,0,0,0.1739,Remaining time vs overrun,Time overrun,Anticipated cost
N24001977,Low,0.1079,0.8921,0,0,0,0.1079,Remaining time vs overrun,Time overrun,State
N24001978,Low,0.0321,0.9679,0,0,0,0.0321,Remaining time vs overrun,Time overrun,State
N24001979,Critical,0.8298,0.8298,0.8298,0,0,0,Remaining time vs overrun,Time overrun,Months remaining
N24001980,Critical,0.9918,0.9918,0.9918,0,0,0,Time overrun,Months remaining,Remaining time vs overrun
N24001981,Critical,0.9265,0.9265,0.9265,0,0,0,Remaining time vs overrun,Time overrun,Months remaining
N24001982,Critical,0.8491,0.8491,0.8491,0,0,0,Remaining time vs overrun,Time overrun,Months remaining
N24001983,Critical,0.9972,0.9972,0.9972,0,0,0,Months remaining,Time overrun,Remaining time vs overrun
N24001984,Critical,0.8907,0.8907,0.8907,0,0,0,Remaining time vs overrun,Time overrun,Months remaining
N24001985,Critical,0.9999,0.9999,0.9999,0,0,0,Remaining time vs overrun,Months remaining,Time overrun
N24001986,Critical,0.9994,0.9994,0.9994,0,0,0,Months remaining,Remaining time vs overrun,Time overrun
N24001987,Critical,1.0,1.0,1.0,0,0,0,Remaining time vs overrun,Months remaining,Time overrun
N24001988,High,0.6898,0.6898,0,0.6898,0,0,Remaining time vs overrun,Time overrun,Months remaining
N24001989,Critical,0.9998,0.9998,0.9998,0,0,0,Remaining time vs overrun,Months remaining,Time overrun
N24001990,Critical,0.9984,0.9984,0.9984,0,0,0,Remaining time vs overrun,Months remaining,Time overrun
N24001991,Critical,0.9977,0.9977,0.9977,0,0,0,Remaining time vs overrun,Time overrun,Anticipated cost
N24001992,Critical,0.9999,0.9999,0.9999,0,0,0,Remaining time vs overrun,Months remaining,Time overrun
N24001993,Critical,0.9141,0.9141,0.9141,0,0,0,Remaining time vs overrun,Time overrun,Months remaining
N24001994,Critical,0.9995,0.9995,0.9995,0,0,0,Remaining time vs overrun,Time overrun,State
N24001995,Critical,0.9999,0.9999,0.9999,0,0,0,Remaining time vs overrun,Months remaining,Time overrun
N24001996,Critical,0.8668,0.8668,0.8668,0,0,0,Remaining time vs overrun,Time overrun,Cost variance
N24001997,Critical,0.9994,0.9994,0.9994,0,0,0,Months remaining,Remaining time vs overrun,Time overrun
N24001998,Critical,0.9988,0.9988,0.9988,0,0,0,Time overrun,Cost variance,Remaining time vs overrun
N24001999,Critical,0.9974,0.9974,0.9974,0,0,0,Remaining time vs overrun,Time overrun,Months remaining
N24002000,Critical,0.9992,0.9992,0.9992,0,0,0,Remaining time vs overrun,Months remaining,Time overrun
N24002001,Critical,0.9974,0.9974,0.9974,0,0,0,Remaining time vs overrun,Time overrun,Months remaining
N24002002,Critical,0.9988,0.9988,0.9988,0,0,0,Remaining time vs overrun,Months remaining,Time overrun
N24002003,Critical,0.9977,0.9977,0.9977,0,0,0,Remaining time vs overrun,Months remaining,Time overrun
N24002004,Critical,0.9993,0.9993,0.9993,0,0,0,Remaining time vs overrun,Time overrun,Months remaining
N24002005,Critical,0.9953,0.9953,0.9953,0,0,0,Remaining time vs overrun,Time overrun,Months remaining
N24002006,Critical,0.9992,0.9992,0.9992,0,0,0,Remaining time vs overrun,Time overrun,Months remaining
N24002007,Critical,0.9924,0.9924,0.9924,0,0,0,Time overrun,Months remaining,Remaining time vs overrun
N24002008,Critical,0.9987,0.9987,0.9987,0,0,0,Remaining time vs overrun,Months remaining,Time overrun
N24002009,Critical,0.9972,0.9972,0.9972,0,0,0,Remaining time vs overrun,Time overrun,Months remaining
N24002010,Critical,0.9992,0.9992,0.9992,0,0,0,Remaining time vs overrun,Time overrun,Previous expenditure ratio
N24002011,Critical,0.9999,0.9999,0.9999,0,0,0,Remaining time vs overrun,Months remaining,Time overrun
N24002012,Critical,0.9998,0.9998,0.9998,0,0,0,Remaining time vs overrun,Months remaining,Time overrun
N24002013,Critical,0.9999,0.9999,0.9999,0,0,0,Remaining time vs overrun,Months remaining,Time overrun
N24002014,Critical,0.9982,0.9982,0.9982,0,0,0,Remaining time vs overrun,Time overrun,State
N24002015,Critical,0.9989,0.9989,0.9989,0,0,0,Remaining time vs overrun,Months remaining,Time overrun
N24002016,Critical,0.9984,0.9984,0.9984,0,0,0,Months remaining,Remaining time vs overrun,Time overrun
N24002017,Critical,0.9997,0.9997,0.9997,0,0,0,Remaining time vs overrun,Time overrun,State
N24002018,Critical,1.0,1.0,1.0,0,0,0,Remaining time vs overrun,Months remaining,Time overrun
N24002019,Critical,0.9737,0.9737,0.9737,0,0,0,Remaining time vs overrun,Time overrun,Cost variance
N24002020,Critical,0.9226,0.9226,0.9226,0,0,0,Remaining time vs overrun,Time overrun,Months remaining
N24002021,Low,0.0184,0.9816,0,0,0,0.0184,Remaining time vs overrun,Time overrun,Months remaining
N24002022,Low,0.0655,0.9345,0,0,0,0.0655,Remaining time vs overrun,Time overrun,Anticipated cost
N24002023,Low,0.0507,0.9493,0,0,0,0.0507,Remaining time vs overrun,Time overrun,3-month expenditure change
N24002024,Low,0.2131,0.7868999999999999,0,0,0,0.2131,Remaining time vs overrun,Time overrun,State
N24002025,Critical,0.9995,0.9995,0.9995,0,0,0,Time overrun,Remaining time vs overrun,State
N24002026,Critical,0.9982,0.9982,0.9982,0,0,0,Remaining time vs overrun,Time overrun,Previous expenditure ratio
N24002027,Critical,0.9937,0.9937,0.9937,0,0,0,Remaining time vs overrun,Time overrun,Previous expenditure ratio
N24002028,Critical,0.9955,0.9955,0.9955,0,0,0,Time overrun,Remaining time vs overrun,State
N24002029,Medium,0.3877,0.6123000000000001,0,0,0.3877,0,Remaining time vs overrun,Time overrun,Cumulative expenditure
N24002030,Critical,0.9998,0.9998,0.9998,0,0,0,Remaining time vs overrun,Months remaining,Time overrun
N24002031,Low,0.1044,0.8956,0,0,0,0.1044,Remaining time vs overrun,Time overrun,Expenditure ratio
N24002032,Medium,0.275,0.725,0,0,0.275,0,Remaining time vs overrun,Time overrun,Anticipated cost
N24002033,Low,0.0886,0.9114,0,0,0,0.0886,Remaining time vs overrun,Time overrun,Previous expenditure ratio
N24002034,Critical,0.9988,0.9988,0.9988,0,0,0,Remaining time vs overrun,Months remaining,Time overrun
N24002035,Critical,0.9946,0.9946,0.9946,0,0,0,Months remaining,Time overrun,Remaining time vs overrun
N24002036,Critical,0.9998,0.9998,0.9998,0,0,0,Months remaining,Remaining time vs overrun,Time overrun
N24002037,Critical,0.9998,0.9998,0.9998,0,0,0,Cost variance,Time overrun,Remaining time vs overrun
N24002038,Critical,0.9997,0.9997,0.9997,0,0,0,Time overrun,Months remaining,Remaining time vs overrun
N24002039,Critical,0.9922,0.9922,0.9922,0,0,0,Remaining time vs overrun,Months remaining,Time overrun
N24002040,Critical,0.9995,0.9995,0.9995,0,0,0,Time overrun,Remaining time vs overrun,State
N24002041,Critical,0.9995,0.9995,0.9995,0,0,0,Months remaining,Remaining time vs overrun,Time overrun
N24002042,Low,0.0991,0.9009,0,0,0,0.0991,Remaining time vs overrun,Time overrun,Cumulative expenditure
N24002043,Critical,0.9993,0.9993,0.9993,0,0,0,Time overrun,Remaining time vs overrun,Months remaining
N24002044,Critical,0.9938,0.9938,0.9938,0,0,0,Months remaining,Remaining time vs overrun,Time overrun
N24002045,Critical,0.9963,0.9963,0.9963,0,0,0,Time overrun,Months remaining,Remaining time vs overrun
N24002046,Critical,0.9998,0.9998,0.9998,0,0,0,Months remaining,Remaining time vs overrun,Time overrun
N24002047,Critical,0.9995,0.9995,0.9995,0,0,0,Remaining time vs overrun,Original cost,Time overrun
N24002048,Critical,0.9999,0.9999,0.9999,0,0,0,Remaining time vs overrun,Time overrun,State
N24002049,High,0.6146,0.6146,0,0.6146,0,0,Remaining time vs overrun,Time overrun,Cumulative expenditure
N24002050,Critical,0.9546,0.9546,0.9546,0,0,0,Remaining time vs overrun,Time overrun,Months remaining
N24002051,Medium,0.2687,0.7313000000000001,0,0,0.2687,0,Remaining time vs overrun,Time overrun,State
N24002052,Critical,0.9999,0.9999,0.9999,0,0,0,Remaining time vs overrun,Months remaining,Time overrun
N24002053,Critical,0.9987,0.9987,0.9987,0,0,0,Months remaining,Time overrun,Remaining time vs overrun
N24002054,Critical,0.801,0.801,0.801,0,0,0,Remaining time vs overrun,Time overrun,Months remaining
N24002055,Medium,0.411,0.589,0,0,0.411,0,Remaining time vs overrun,Time overrun,Original cost
N24002056,Critical,0.9934,0.9934,0.9934,0,0,0,Months remaining,Time overrun,Remaining time vs overrun
N24002057,Critical,0.9997,0.9997,0.9997,0,0,0,Months remaining,Remaining time vs overrun,Time overrun
N24002058,Critical,0.999,0.999,0.999,0,0,0,Remaining time vs overrun,Time overrun,Months remaining
N24002059,Critical,0.9998,0.9998,0.9998,0,0,0,Time overrun,Remaining time vs overrun,State
N24002060,Medium,0.3722,0.6278,0,0,0.3722,0,Remaining time vs overrun,Time overrun,Cost escalation ratio
N24002061,Critical,1.0,1.0,1.0,0,0,0,Months remaining,Remaining time vs overrun,Time overrun
N24002062,Low,0.0155,0.9845,0,0,0,0.0155,Remaining time vs overrun,Time overrun,Previous expenditure ratio
N24002063,Critical,0.9999,0.9999,0.9999,0,0,0,Remaining time vs overrun,Time overrun,Months remaining
N24002064,Low,0.0954,0.9046,0,0,0,0.0954,Remaining time vs overrun,Time overrun,State
N24002065,Critical,0.999,0.999,0.999,0,0,0,Remaining time vs overrun,Months remaining,Time overrun
N24002066,Critical,0.9997,0.9997,0.9997,0,0,0,Remaining time vs overrun,Months remaining,Time overrun
N24002067,Critical,1.0,1.0,1.0,0,0,0,Remaining time vs overrun,Time overrun,Months remaining
N24002068,Critical,0.9995,0.9995,0.9995,0,0,0,Remaining time vs overrun,Time overrun,State
N24002069,Critical,0.9998,0.9998,0.9998,0,0,0,Remaining time vs overrun,Months remaining,Time overrun
N24002070,Critical,0.9995,0.9995,0.9995,0,0,0,Remaining time vs overrun,Months remaining,Time overrun
N24002071,Low,0.0577,0.9423,0,0,0,0.0577,Remaining time vs overrun,Time overrun,Anticipated cost
N24002072,Critical,0.9636,0.9636,0.9636,0,0,0,Remaining time vs overrun,Time overrun,Months remaining
N24002073,Critical,0.9988,0.9988,0.9988,0,0,0,Remaining time vs overrun,Previous expenditure ratio,Time overrun
N24002074,Critical,0.9983,0.9983,0.9983,0,0,0,Time overrun,Months remaining,Remaining time vs overrun
N24002075,Critical,0.9983,0.9983,0.9983,0,0,0,Remaining time vs overrun,Months remaining,Time overrun
N24002076,Critical,0.9997,0.9997,0.9997,0,0,0,Remaining time vs overrun,Time overrun,Cost variance
N24002077,Medium,0.3085,0.6915,0,0,0.3085,0,Remaining time vs overrun,Time overrun,State
N24002078,Low,0.0311,0.9689,0,0,0,0.0311,Remaining time vs overrun,Time overrun,Original cost
N24002079,Low,0.0098,0.9902,0,0,0,0.0098,Remaining time vs overrun,Time overrun,Original cost
N24002080,Low,0.0159,0.9841,0,0,0,0.0159,Remaining time vs overrun,Time overrun,Original cost
N24002081,Critical,0.9998,0.9998,0.9998,0,0,0,Original cost,Time overrun,Remaining time vs overrun
N24002082,Critical,0.9993,0.9993,0.9993,0,0,0,Remaining time vs overrun,Time overrun,Expenditure ratio
N24002083,Critical,0.9992,0.9992,0.9992,0,0,0,Months remaining,Time overrun,Remaining time vs overrun
N24002084,Critical,0.9994,0.9994,0.9994,0,0,0,Remaining time vs overrun,Time overrun,Months remaining
N24002085,Critical,0.9996,0.9996,0.9996,0,0,0,Remaining time vs overrun,Months remaining,Time overrun
N24002086,Critical,0.9993,0.9993,0.9993,0,0,0,Time overrun,Months remaining,Remaining time vs overrun
N24002087,Critical,0.9851,0.9851,0.9851,0,0,0,Remaining time vs overrun,Months remaining,Time overrun
N24002088,Critical,0.9987,0.9987,0.9987,0,0,0,Months remaining,Time overrun,Remaining time vs overrun
N24002089,Critical,0.999,0.999,0.999,0,0,0,Months remaining,Remaining time vs overrun,Time overrun
N24002090,Critical,0.9998,0.9998,0.9998,0,0,0,Remaining time vs overrun,Months remaining,Time overrun
N24002091,Critical,0.9955,0.9955,0.9955,0,0,0,Remaining time vs overrun,Time overrun,Previous expenditure ratio
N24002092,Critical,0.872,0.872,0.872,0,0,0,Remaining time vs overrun,Months remaining,Time overrun
N24002093,Critical,0.9887,0.9887,0.9887,0,0,0,Months remaining,Time overrun,Remaining time vs overrun
N24002094,Critical,0.8928,0.8928,0.8928,0,0,0,Remaining time vs overrun,Time overrun,State
N24002095,Critical,0.9993,0.9993,0.9993,0,0,0,Remaining time vs overrun,Months remaining,Time overrun
N24002096,Medium,0.3719,0.6281,0,0,0.3719,0,Remaining time vs overrun,Time overrun,Cumulative expenditure
N24002097,Critical,0.9959,0.9959,0.9959,0,0,0,Remaining time vs overrun,Time overrun,Months remaining
N24002098,Critical,0.8424,0.8424,0.8424,0,0,0,Remaining time vs overrun,Time overrun,Months remaining
N24002100,Critical,0.9965,0.9965,0.9965,0,0,0,Months remaining,Time overrun,Remaining time vs overrun
N24002101,Critical,0.9961,0.9961,0.9961,0,0,0,Remaining time vs overrun,Time overrun,Anticipated cost
N24002102,Critical,0.9992,0.9992,0.9992,0,0,0,Remaining time vs overrun,Time overrun,State
N24002103,Critical,1.0,1.0,1.0,0,0,0,Remaining time vs overrun,Months remaining,Original cost
N24002104,Low,0.0452,0.9548,0,0,0,0.0452,Remaining time vs overrun,Time overrun,State
N24002105,Low,0.0034,0.9966,0,0,0,0.0034,Remaining time vs overrun,Time overrun,Cost escalation ratio
N24002106,Critical,1.0,1.0,1.0,0,0,0,Remaining time vs overrun,Time overrun,Previous expenditure ratio
N24002107,Low,0.2347,0.7653,0,0,0,0.2347,Remaining time vs overrun,Time overrun,Original cost
N24002108,Low,0.1339,0.8661,0,0,0,0.1339,Remaining time vs overrun,Time overrun,Previous expenditure ratio
N24002109,Low,0.1625,0.8375,0,0,0,0.1625,Remaining time vs overrun,Time overrun,3-month expenditure change
N24002110,Medium,0.2839,0.7161,0,0,0.2839,0,Remaining time vs overrun,Time overrun,Anticipated cost
N24002111,Low,0.1184,0.8815999999999999,0,0,0,0.1184,Remaining time vs overrun,Time overrun,Anticipated cost
N24002112,Critical,0.9993,0.9993,0.9993,0,0,0,Remaining time vs overrun,Time overrun,Months remaining
N24002113,Critical,0.988,0.988,0.988,0,0,0,Time overrun,Months remaining,Remaining time vs overrun
N24002114,Critical,0.9998,0.9998,0.9998,0,0,0,Remaining time vs overrun,Months remaining,Time overrun
N24002115,Critical,0.9985,0.9985,0.9985,0,0,0,Remaining time vs overrun,Time overrun,State
N24002116,Critical,0.9972,0.9972,0.9972,0,0,0,Remaining time vs overrun,Time overrun,Months remaining
N24002117,Critical,0.9992,0.9992,0.9992,0,0,0,Remaining time vs overrun,Time overrun,Previous expenditure ratio
N24002118,Critical,0.9996,0.9996,0.9996,0,0,0,Remaining time vs overrun,Expenditure ratio,Time overrun
N24002119,Low,0.0576,0.9424,0,0,0,0.0576,Remaining time vs overrun,Time overrun,State
N24002120,High,0.5994,0.5994,0,0.5994,0,0,Remaining time vs overrun,Time overrun,Months remaining
N24002121,High,0.7427,0.7427,0,0.7427,0,0,Remaining time vs overrun,Time overrun,Months remaining
N24002122,Critical,0.9172,0.9172,0.9172,0,0,0,Remaining time vs overrun,Time overrun,Anticipated cost
N24002123,High,0.551,0.551,0,0.551,0,0,Remaining time vs overrun,Time overrun,State
N24002124,Low,0.0548,0.9452,0,0,0,0.0548,Remaining time vs overrun,Time overrun,Previous expenditure ratio
N24002125,Low,0.0914,0.9086,0,0,0,0.0914,Remaining time vs overrun,Time overrun,State
N24002126,High,0.5986,0.5986,0,0.5986,0,0,Remaining time vs overrun,Time overrun,Anticipated cost
N24002127,Low,0.0967,0.9033,0,0,0,0.0967,Remaining time vs overrun,Time overrun,Original cost
N24002128,Low,0.041,0.959,0,0,0,0.041,Remaining time vs overrun,Time overrun,Cumulative expenditure
N24002129,Low,0.017,0.983,0,0,0,0.017,Remaining time vs overrun,Time overrun,State
N24002130,Low,0.0357,0.9643,0,0,0,0.0357,Remaining time vs overrun,Time overrun,Cumulative expenditure
N24002131,Critical,0.9189,0.9189,0.9189,0,0,0,Remaining time vs overrun,Time overrun,State
N24002132,Low,0.0265,0.9735,0,0,0,0.0265,Remaining time vs overrun,Time overrun,Months remaining
N24002133,Critical,0.9999,0.9999,0.9999,0,0,0,Remaining time vs overrun,Time overrun,State
N24002134,Low,0.1899,0.8101,0,0,0,0.1899,Remaining time vs overrun,Time overrun,Anticipated cost
N24002135,Low,0.0525,0.9475,0,0,0,0.0525,Remaining time vs overrun,Time overrun,Anticipated cost
N24002136,Low,0.02,0.98,0,0,0,0.02,Remaining time vs overrun,Time overrun,Original cost
N24002137,Critical,0.9997,0.9997,0.9997,0,0,0,Remaining time vs overrun,Time overrun,Months remaining
N24002138,Low,0.0876,0.9124,0,0,0,0.0876,Remaining time vs overrun,Time overrun,Anticipated cost
N24002139,High,0.7489,0.7489,0,0.7489,0,0,Remaining time vs overrun,Time overrun,State
N24002140,Low,0.0371,0.9629,0,0,0,0.0371,Remaining time vs overrun,Time overrun,State
N24002141,Critical,0.9989,0.9989,0.9989,0,0,0,Remaining time vs overrun,Time overrun,Months remaining
N24002142,Low,0.2483,0.7517,0,0,0,0.2483,Remaining time vs overrun,Time overrun,Previous expenditure ratio
N24002143,Low,0.1194,0.8806,0,0,0,0.1194,Remaining time vs overrun,Time overrun,State
N24002144,Low,0.1637,0.8363,0,0,0,0.1637,Remaining time vs overrun,Time overrun,Anticipated cost
N24002145,Medium,0.3246,0.6754,0,0,0.3246,0,Remaining time vs overrun,Time overrun,Original cost
N24002146,Critical,0.8892,0.8892,0.8892,0,0,0,Remaining time vs overrun,Time overrun,Expenditure ratio
N24002147,Critical,0.9994,0.9994,0.9994,0,0,0,Remaining time vs overrun,Time overrun,State
N24002148,Critical,0.9985,0.9985,0.9985,0,0,0,Remaining time vs overrun,Time overrun,Previous expenditure ratio
N24002149,Critical,0.997,0.997,0.997,0,0,0,Remaining time vs overrun,Time overrun,Previous expenditure ratio
N24002150,Low,0.0697,0.9303,0,0,0,0.0697,Remaining time vs overrun,Time overrun,State
N24002151,Critical,0.9996,0.9996,0.9996,0,0,0,Remaining time vs overrun,Time overrun,Months remaining
N24002152,Critical,0.9998,0.9998,0.9998,0,0,0,Remaining time vs overrun,Time overrun,Expenditure ratio
N24002153,Critical,0.9996,0.9996,0.9996,0,0,0,Remaining time vs overrun,Time overrun,Original cost
N24002154,Low,0.0027,0.9973,0,0,0,0.0027,Remaining time vs overrun,Time overrun,Months remaining
N24002155,Low,0.0061,0.9939,0,0,0,0.0061,Remaining time vs overrun,Time overrun,State
N24002156,Low,0.0036,0.9964,0,0,0,0.0036,Remaining time vs overrun,Time overrun,3-month expenditure change
N24002157,Low,0.0059,0.9941,0,0,0,0.0059,Remaining time vs overrun,Time overrun,Months remaining
N24002158,Low,0.0071,0.9929,0,0,0,0.0071,Remaining time vs overrun,Time overrun,3-month expenditure change
N24002159,Low,0.0881,0.9119,0,0,0,0.0881,Remaining time vs overrun,Time overrun,Anticipated cost
N24002160,Low,0.1819,0.8181,0,0,0,0.1819,Remaining time vs overrun,Time overrun,Expenditure ratio
N24002161,Low,0.0167,0.9833,0,0,0,0.0167,Remaining time vs overrun,Time overrun,3-month expenditure change
N24002162,Low,0.0467,0.9533,0,0,0,0.0467,Remaining time vs overrun,Time overrun,Original cost
N24002163,Low,0.0388,0.9612,0,0,0,0.0388,Remaining time vs overrun,Time overrun,Previous expenditure ratio
N24002164,Low,0.0792,0.9208,0,0,0,0.0792,Remaining time vs overrun,Time overrun,Previous expenditure ratio
N24002165,Low,0.0186,0.9814,0,0,0,0.0186,Remaining time vs overrun,Time overrun,Cost variance
N24002166,Low,0.0162,0.9838,0,0,0,0.0162,Remaining time vs overrun,Time overrun,State
N24002167,Low,0.0041,0.9959,0,0,0,0.0041,Remaining time vs overrun,Time overrun,Anticipated cost
N24002168,Low,0.0203,0.9797,0,0,0,0.0203,Remaining time vs overrun,Time overrun,Expenditure ratio
N24002169,High,0.5922,0.5922,0,0.5922,0,0,Remaining time vs overrun,Time overrun,Months remaining
N24002170,Critical,1.0,1.0,1.0,0,0,0,Original cost,Remaining time vs overrun,Months remaining
N24002171,Critical,0.9989,0.9989,0.9989,0,0,0,Remaining time vs overrun,Months remaining,Time overrun
N24002172,Medium,0.3547,0.6453,0,0,0.3547,0,Remaining time vs overrun,Time overrun,Previous expenditure ratio
N24002173,Critical,0.9989,0.9989,0.9989,0,0,0,Remaining time vs overrun,Months remaining,Time overrun
N24002174,Medium,0.3896,0.6104,0,0,0.3896,0,Remaining time vs overrun,Time overrun,Previous expenditure ratio
N24002175,Critical,0.9965,0.9965,0.9965,0,0,0,Time overrun,Remaining time vs overrun,Months remaining
N24002176,Low,0.0943,0.9057,0,0,0,0.0943,Remaining time vs overrun,Time overrun,State
N24002177,Critical,0.9999,0.9999,0.9999,0,0,0,Original cost,Remaining time vs overrun,Months remaining
N24002178,Low,0.0901,0.9099,0,0,0,0.0901,Remaining time vs overrun,Time overrun,State
N24002179,Low,0.0481,0.9519,0,0,0,0.0481,Remaining time vs overrun,Time overrun,3-month expenditure change
N24002180,Low,0.0602,0.9398,0,0,0,0.0602,Remaining time vs overrun,Time overrun,State
N24002181,Low,0.0991,0.9009,0,0,0,0.0991,Remaining time vs overrun,Time overrun,State
N24002182,Low,0.1273,0.8727,0,0,0,0.1273,Remaining time vs overrun,Time overrun,State
N24002183,Medium,0.4311,0.5689,0,0,0.4311,0,Remaining time vs overrun,Time overrun,Original cost
N24002184,Low,0.0296,0.9704,0,0,0,0.0296,Remaining time vs overrun,Time overrun,Original cost
N24002185,Low,0.1679,0.8321000000000001,0,0,0,0.1679,Remaining time vs overrun,Time overrun,Original cost
N24002186,Critical,0.8451,0.8451,0.8451,0,0,0,Remaining time vs overrun,Time overrun,Months remaining
N24002187,Low,0.0647,0.9353,0,0,0,0.0647,Remaining time vs overrun,Time overrun,State
N24002188,Low,0.0959,0.9041,0,0,0,0.0959,Remaining time vs overrun,Time overrun,State
N24002189,Low,0.0518,0.9482,0,0,0,0.0518,Remaining time vs overrun,Time overrun,State
N24002190,Medium,0.296,0.704,0,0,0.296,0,Remaining time vs overrun,Time overrun,Original cost
N24002191,Critical,0.9994,0.9994,0.9994,0,0,0,Months remaining,Remaining time vs overrun,Original cost
N24002192,Medium,0.2528,0.7472,0,0,0.2528,0,Remaining time vs overrun,Time overrun,Anticipated cost
N24002193,Low,0.0334,0.9666,0,0,0,0.0334,Remaining time vs overrun,Time overrun,State
N24002194,Low,0.0061,0.9939,0,0,0,0.0061,Remaining time vs overrun,Time overrun,Months remaining
N24002195,Low,0.1239,0.8761,0,0,0,0.1239,Remaining time vs overrun,Time overrun,State
N24002196,Low,0.0974,0.9026,0,0,0,0.0974,Remaining time vs overrun,Time overrun,State
N24002197,Low,0.239,0.761,0,0,0,0.239,Remaining time vs overrun,Time overrun,State
N24002198,Low,0.068,0.9319999999999999,0,0,0,0.068,Remaining time vs overrun,Time overrun,State
N24002199,Low,0.079,0.921,0,0,0,0.079,Remaining time vs overrun,Time overrun,Previous expenditure ratio
N24002200,Low,0.0975,0.9025,0,0,0,0.0975,Remaining time vs overrun,Time overrun,State
N24002201,Low,0.0106,0.9894,0,0,0,0.0106,Remaining time vs overrun,Time overrun,3-month expenditure change
N24002202,Low,0.0027,0.9973,0,0,0,0.0027,Remaining time vs overrun,Time overrun,3-month expenditure change
N24002203,Low,0.0193,0.9807,0,0,0,0.0193,Remaining time vs overrun,Time overrun,State
N24002204,Low,0.0646,0.9354,0,0,0,0.0646,Remaining time vs overrun,Time overrun,Previous expenditure ratio
N24002205,Medium,0.3336,0.6664,0,0,0.3336,0,Remaining time vs overrun,Time overrun,Previous expenditure ratio
N24002206,Low,0.0518,0.9482,0,0,0,0.0518,Remaining time vs overrun,Time overrun,Previous expenditure ratio
N24002207,Low,0.0166,0.9834,0,0,0,0.0166,Remaining time vs overrun,Time overrun,Cost escalation ratio
N24002208,Critical,0.8616,0.8616,0.8616,0,0,0,Remaining time vs overrun,Time overrun,Months remaining
N24002209,Low,0.0767,0.9233,0,0,0,0.0767,Remaining time vs overrun,Time overrun,Original cost
N24002210,Medium,0.3371,0.6629,0,0,0.3371,0,Remaining time vs overrun,Time overrun,Previous expenditure ratio
N24002211,Low,0.0168,0.9832,0,0,0,0.0168,Remaining time vs overrun,Time overrun,State
N24002212,Low,0.0388,0.9612,0,0,0,0.0388,Remaining time vs overrun,Time overrun,State
N24002213,Low,0.0369,0.9631,0,0,0,0.0369,Remaining time vs overrun,Time overrun,State
N24002214,Low,0.0028,0.9972,0,0,0,0.0028,Remaining time vs overrun,Time overrun,Original cost
N24002215,Low,0.0238,0.9762,0,0,0,0.0238,Remaining time vs overrun,Time overrun,Expenditure ratio
N24002216,Low,0.2183,0.7817000000000001,0,0,0,0.2183,Remaining time vs overrun,Time overrun,Original cost
N24002217,Low,0.1303,0.8697,0,0,0,0.1303,Remaining time vs overrun,Time overrun,Original cost
N24002219,Low,0.0681,0.9319,0,0,0,0.0681,Remaining time vs overrun,Time overrun,Original cost
N24002220,Low,0.0067,0.9933,0,0,0,0.0067,Remaining time vs overrun,Time overrun,Original cost
N24002221,Low,0.0817,0.9183,0,0,0,0.0817,Remaining time vs overrun,Time overrun,State
N24002222,Low,0.021,0.979,0,0,0,0.021,Remaining time vs overrun,Time overrun,Months remaining
N24002223,Low,0.0059,0.9941,0,0,0,0.0059,Remaining time vs overrun,Time overrun,Anticipated cost
N24002224,Low,0.0048,0.9952,0,0,0,0.0048,Remaining time vs overrun,Time overrun,Months remaining
N24002225,Low,0.0244,0.9756,0,0,0,0.0244,Remaining time vs overrun,Time overrun,Months remaining
N24002226,Low,0.0179,0.9821,0,0,0,0.0179,Remaining time vs overrun,Time overrun,Months remaining
N24002227,Low,0.0136,0.9864,0,0,0,0.0136,Remaining time vs overrun,Time overrun,State
N24002228,Low,0.0794,0.9206,0,0,0,0.0794,Remaining time vs overrun,Time overrun,Previous expenditure ratio
N24002229,Critical,0.9982,0.9982,0.9982,0,0,0,Time overrun,Remaining time vs overrun,State
N24002230,Critical,0.9986,0.9986,0.9986,0,0,0,Time overrun,Remaining time vs overrun,Previous expenditure ratio
N24002231,Critical,0.9971,0.9971,0.9971,0,0,0,Time overrun,Remaining time vs overrun,Previous expenditure ratio
N24002233,Critical,0.9968,0.9968,0.9968,0,0,0,Time overrun,Remaining time vs overrun,Previous expenditure ratio
N24002234,Critical,0.9988,0.9988,0.9988,0,0,0,Time overrun,Remaining time vs overrun,Original cost
N24002235,Critical,0.9984,0.9984,0.9984,0,0,0,Time overrun,Remaining time vs overrun,Previous expenditure ratio
N24002237,Critical,0.998,0.998,0.998,0,0,0,Time overrun,Remaining time vs overrun,Previous expenditure ratio
N24002238,Critical,0.9994,0.9994,0.9994,0,0,0,Time overrun,Remaining time vs overrun,Original cost
N24002239,Critical,0.9998,0.9998,0.9998,0,0,0,Cost variance,Time overrun,Remaining time vs overrun
N24002240,Critical,0.9984,0.9984,0.9984,0,0,0,Time overrun,Remaining time vs overrun,Previous expenditure ratio
N24002241,Critical,0.9966,0.9966,0.9966,0,0,0,Time overrun,Remaining time vs overrun,Previous expenditure ratio
N24002242,Critical,0.9977,0.9977,0.9977,0,0,0,Time overrun,Remaining time vs overrun,State
N24002243,Critical,0.9983,0.9983,0.9983,0,0,0,Time overrun,Remaining time vs overrun,Previous expenditure ratio
N24002244,Critical,0.9987,0.9987,0.9987,0,0,0,Time overrun,Remaining time vs overrun,Previous expenditure ratio
N24002245,Critical,0.9985,0.9985,0.9985,0,0,0,Time overrun,Remaining time vs overrun,Previous expenditure ratio
N25000070,Critical,0.9999,0.9999,0.9999,0,0,0,Remaining time vs overrun,Time overrun,Cost escalation ratio
N25000072,Critical,0.9999,0.9999,0.9999,0,0,0,Remaining time vs overrun,Cost variance,Time overrun
N25000073,Low,0.0439,0.9561,0,0,0,0.0439,Remaining time vs overrun,Time overrun,3-month expenditure change
N25000074,Low,0.09,0.91,0,0,0,0.09,Remaining time vs overrun,Time overrun,3-month expenditure change
N26000101,Critical,0.9996,0.9996,0.9996,0,0,0,Time overrun,3-month expenditure change,Remaining time vs overrun
N26000110,Critical,0.9999,0.9999,0.9999,0,0,0,Remaining time vs overrun,Time overrun,Months remaining
N26000113,Critical,1.0,1.0,1.0,0,0,0,Remaining time vs overrun,Time overrun,Months remaining
N26000114,Critical,0.999,0.999,0.999,0,0,0,Remaining time vs overrun,Time overrun,Months remaining
N26000115,Critical,0.9998,0.9998,0.9998,0,0,0,Remaining time vs overrun,Time overrun,Months remaining
N26000116,Critical,0.9994,0.9994,0.9994,0,0,0,Remaining time vs overrun,Time overrun,Months remaining
N26000117,Critical,0.9996,0.9996,0.9996,0,0,0,Months remaining,Time overrun,Remaining time vs overrun
N26000118,Critical,0.9959,0.9959,0.9959,0,0,0,Remaining time vs overrun,Time overrun,Months remaining
N28000056,Critical,1.0,1.0,1.0,0,0,0,Remaining time vs overrun,Time overrun,Months remaining
N28000058,Critical,1.0,1.0,1.0,0,0,0,Remaining time vs overrun,Months remaining,Time overrun
N28000062,Critical,0.9999,0.9999,0.9999,0,0,0,Remaining time vs overrun,Time overrun,Months remaining
N28000065,Critical,1.0,1.0,1.0,0,0,0,Remaining time vs overrun,Time overrun,Months remaining
N28000067,Critical,0.999,0.999,0.999,0,0,0,Time overrun,Remaining time vs overrun,Months remaining
N28000071,Critical,1.0,1.0,1.0,0,0,0,Remaining time vs overrun,Time overrun,Months remaining
N28000073,Critical,0.9999,0.9999,0.9999,0,0,0,Remaining time vs overrun,Time overrun,Months remaining
N28000075,Critical,0.9999,0.9999,0.9999,0,0,0,Remaining time vs overrun,Months remaining,Time overrun
N28000079,Critical,1.0,1.0,1.0,0,0,0,Remaining time vs overrun,Time overrun,Months remaining
N28000080,Critical,0.9999,0.9999,0.9999,0,0,0,Remaining time vs overrun,Time overrun,Previous expenditure ratio
N28000081,Critical,1.0,1.0,1.0,0,0,0,Remaining time vs overrun,Time overrun,Months remaining
N28000084,Critical,0.9999,0.9999,0.9999,0,0,0,Remaining time vs overrun,Time overrun,Months remaining
N28000085,Critical,1.0,1.0,1.0,0,0,0,Remaining time vs overrun,Months remaining,Time overrun
N28000086,Critical,1.0,1.0,1.0,0,0,0,Remaining time vs overrun,Time overrun,Anticipated cost
N28000087,Critical,1.0,1.0,1.0,0,0,0,Remaining time vs overrun,Time overrun,Expenditure ratio
N28000088,Critical,1.0,1.0,1.0,0,0,0,Remaining time vs overrun,Time overrun,Previous expenditure ratio
N28000089,Critical,0.9999,0.9999,0.9999,0,0,0,Remaining time vs overrun,Time overrun,Months remaining
N28000092,Critical,0.999,0.999,0.999,0,0,0,Remaining time vs overrun,Time overrun,State
N28000097,Critical,0.9999,0.9999,0.9999,0,0,0,Remaining time vs overrun,Time overrun,Months remaining
N28000098,Critical,1.0,1.0,1.0,0,0,0,Remaining time vs overrun,Time overrun,Previous expenditure ratio
N28000100,Critical,1.0,1.0,1.0,0,0,0,Remaining time vs overrun,Time overrun,Months remaining
N28000101,Critical,0.9999,0.9999,0.9999,0,0,0,Remaining time vs overrun,Time overrun,Original cost
N28000102,Critical,0.9999,0.9999,0.9999,0,0,0,Remaining time vs overrun,Time overrun,Months remaining
N28000103,Critical,1.0,1.0,1.0,0,0,0,Remaining time vs overrun,Time overrun,Months remaining
N28000104,Critical,1.0,1.0,1.0,0,0,0,Remaining time vs overrun,Original cost,Time overrun
N28000105,Critical,0.9994,0.9994,0.9994,0,0,0,Time overrun,Remaining time vs overrun,State
N28000106,Critical,1.0,1.0,1.0,0,0,0,Remaining time vs overrun,Time overrun,Previous expenditure ratio
N28000107,Critical,0.9989,0.9989,0.9989,0,0,0,Remaining time vs overrun,Months remaining,Time overrun
N28000108,Critical,0.9998,0.9998,0.9998,0,0,0,Remaining time vs overrun,Months remaining,Time overrun
N28000109,Critical,0.9996,0.9996,0.9996,0,0,0,Remaining time vs overrun,Time overrun,Months remaining
N28000110,Critical,0.9984,0.9984,0.9984,0,0,0,Remaining time vs overrun,3-month expenditure change,Time overrun
N28000111,Critical,0.9998,0.9998,0.9998,0,0,0,Remaining time vs overrun,Time overrun,Months remaining
N28000112,Critical,1.0,1.0,1.0,0,0,0,Remaining time vs overrun,Time overrun,Original cost
N28000114,Critical,0.9998,0.9998,0.9998,0,0,0,Remaining time vs overrun,Time overrun,Months remaining
N28000115,Critical,1.0,1.0,1.0,0,0,0,Remaining time vs overrun,Time overrun,Previous expenditure ratio
N28000117,Critical,1.0,1.0,1.0,0,0,0,Remaining time vs overrun,Time overrun,Months remaining
N28000118,Critical,1.0,1.0,1.0,0,0,0,Remaining time vs overrun,Time overrun,Months remaining
N28000119,Critical,0.9999,0.9999,0.9999,0,0,0,Remaining time vs overrun,Time overrun,Months remaining
N28000120,Critical,1.0,1.0,1.0,0,0,0,Remaining time vs overrun,Time overrun,Months remaining
N28000121,Critical,1.0,1.0,1.0,0,0,0,Remaining time vs overrun,Time overrun,Months remaining
N28000122,Critical,1.0,1.0,1.0,0,0,0,Remaining time vs overrun,Time overrun,Previous expenditure ratio
N28000123,Critical,0.9994,0.9994,0.9994,0,0,0,Remaining time vs overrun,Months remaining,Time overrun
N28000124,Critical,0.9998,0.9998,0.9998,0,0,0,Remaining time vs overrun,Time overrun,State
N28000125,Critical,0.9998,0.9998,0.9998,0,0,0,Remaining time vs overrun,Time overrun,State
N28000126,Critical,1.0,1.0,1.0,0,0,0,Remaining time vs overrun,Time overrun,Previous expenditure ratio
N28000127,Critical,0.9998,0.9998,0.9998,0,0,0,Remaining time vs overrun,Time overrun,State
N28000128,Critical,1.0,1.0,1.0,0,0,0,Remaining time vs overrun,Cost variance,Time overrun
N28000129,Critical,1.0,1.0,1.0,0,0,0,Remaining time vs overrun,Months remaining,Time overrun
N28000130,Critical,1.0,1.0,1.0,0,0,0,Remaining time vs overrun,Time overrun,Months remaining
N28000131,Critical,0.9999,0.9999,0.9999,0,0,0,Remaining time vs overrun,Time overrun,Months remaining
N28000132,Critical,0.9981,0.9981,0.9981,0,0,0,Remaining time vs overrun,Months remaining,Time overrun
N28000133,Critical,1.0,1.0,1.0,0,0,0,Remaining time vs overrun,Time overrun,Months remaining
N28000134,Critical,0.9995,0.9995,0.9995,0,0,0,Months remaining,Remaining time vs overrun,Time overrun
N28000135,Critical,0.9999,0.9999,0.9999,0,0,0,Remaining time vs overrun,Time overrun,State
N28000136,Critical,1.0,1.0,1.0,0,0,0,Remaining time vs overrun,Time overrun,Months remaining
N28000137,Critical,0.9998,0.9998,0.9998,0,0,0,Remaining time vs overrun,Time overrun,State
N28000138,Critical,0.9999,0.9999,0.9999,0,0,0,Remaining time vs overrun,Time overrun,State
N28000139,Critical,0.9999,0.9999,0.9999,0,0,0,Remaining time vs overrun,Time overrun,Months remaining
N28000140,Critical,0.9997,0.9997,0.9997,0,0,0,Remaining time vs overrun,Time overrun,State
N28000141,Critical,1.0,1.0,1.0,0,0,0,Remaining time vs overrun,Time overrun,Previous expenditure ratio
N28000142,Critical,0.9996,0.9996,0.9996,0,0,0,Remaining time vs overrun,Time overrun,Months remaining
N28000143,Critical,0.9999,0.9999,0.9999,0,0,0,Remaining time vs overrun,Time overrun,Months remaining
N28000144,Critical,0.9999,0.9999,0.9999,0,0,0,Remaining time vs overrun,Time overrun,State
N28000145,Critical,0.9998,0.9998,0.9998,0,0,0,Remaining time vs overrun,Time overrun,State
N28000146,Critical,0.9999,0.9999,0.9999,0,0,0,Remaining time vs overrun,Time overrun,Previous expenditure ratio
N28000147,Critical,1.0,1.0,1.0,0,0,0,Remaining time vs overrun,Time overrun,Original cost
N28000148,Critical,0.9999,0.9999,0.9999,0,0,0,Remaining time vs overrun,Months remaining,Time overrun
N28000149,Critical,1.0,1.0,1.0,0,0,0,Remaining time vs overrun,Time overrun,Previous expenditure ratio
N28000150,Critical,1.0,1.0,1.0,0,0,0,Remaining time vs overrun,Time overrun,State
N28000151,Medium,0.2743,0.7257,0,0,0.2743,0,Remaining time vs overrun,Time overrun,Sector
N28000152,Low,0.0372,0.9628,0,0,0,0.0372,Remaining time vs overrun,Time overrun,Sector
N28000153,Critical,0.9999,0.9999,0.9999,0,0,0,Remaining time vs overrun,Time overrun,Months remaining
N28000154,Critical,0.9987,0.9987,0.9987,0,0,0,Remaining time vs overrun,Time overrun,Months remaining
N28000155,Low,0.0083,0.9917,0,0,0,0.0083,Remaining time vs overrun,Time overrun,Months remaining
N28000156,Critical,0.9999,0.9999,0.9999,0,0,0,Remaining time vs overrun,Months remaining,Time overrun
N28000157,Medium,0.2658,0.7342,0,0,0.2658,0,Remaining time vs overrun,Time overrun,Sector
N28000158,Medium,0.3709,0.6291,0,0,0.3709,0,Remaining time vs overrun,Time overrun,Sector
N28000159,Critical,0.9976,0.9976,0.9976,0,0,0,Remaining time vs overrun,Time overrun,Months remaining
N28000160,Low,0.0772,0.9228,0,0,0,0.0772,Remaining time vs overrun,Time overrun,Previous expenditure ratio
N30000001,Critical,0.9998,0.9998,0.9998,0,0,0,Time overrun,Remaining time vs overrun,Original cost
N30000002,Critical,0.9999,0.9999,0.9999,0,0,0,Remaining time vs overrun,Time overrun,Anticipated cost
N30000003,Critical,0.9999,0.9999,0.9999,0,0,0,Remaining time vs overrun,Time overrun,Months remaining
N30000004,Critical,0.9999,0.9999,0.9999,0,0,0,Remaining time vs overrun,Time overrun,Months remaining
N30000006,Critical,0.9997,0.9997,0.9997,0,0,0,Remaining time vs overrun,Time overrun,Months remaining
N30000007,Critical,0.9979,0.9979,0.9979,0,0,0,Remaining time vs overrun,Months remaining,Time overrun
N30000008,Critical,0.9999,0.9999,0.9999,0,0,0,Remaining time vs overrun,Time overrun,Months remaining
N30000009,Critical,1.0,1.0,1.0,0,0,0,Remaining time vs overrun,Time overrun,Previous expenditure ratio
N30000010,Critical,0.9998,0.9998,0.9998,0,0,0,Remaining time vs overrun,Time overrun,Months remaining
N30000011,Critical,0.9999,0.9999,0.9999,0,0,0,Remaining time vs overrun,Original cost,Months remaining
N30000012,Critical,0.9949,0.9949,0.9949,0,0,0,Months remaining,Remaining time vs overrun,Time overrun
N30000013,Critical,0.9999,0.9999,0.9999,0,0,0,Remaining time vs overrun,Time overrun,Months remaining
N30000014,Critical,1.0,1.0,1.0,0,0,0,Remaining time vs overrun,Time overrun,Previous expenditure ratio
N30000015,Critical,1.0,1.0,1.0,0,0,0,Remaining time vs overrun,Time overrun,Previous expenditure ratio
N30000016,Critical,1.0,1.0,1.0,0,0,0,Remaining time vs overrun,Time overrun,Previous expenditure ratio
N30000017,Critical,0.9998,0.9998,0.9998,0,0,0,Remaining time vs overrun,Time overrun,Months remaining
N30000018,Critical,0.9882,0.9882,0.9882,0,0,0,Remaining time vs overrun,Time overrun,Months remaining
N30000019,Critical,0.9996,0.9996,0.9996,0,0,0,Time overrun,Remaining time vs overrun,Original cost
N30000020,Critical,0.9998,0.9998,0.9998,0,0,0,Remaining time vs overrun,Time overrun,Months remaining
N30000021,Critical,1.0,1.0,1.0,0,0,0,Remaining time vs overrun,Time overrun,Months remaining
N30000022,Critical,0.9999,0.9999,0.9999,0,0,0,Remaining time vs overrun,Time overrun,Months remaining
N30000023,Low,0.0815,0.9185,0,0,0,0.0815,Remaining time vs overrun,Time overrun,Months remaining
N30000024,Critical,0.9999,0.9999,0.9999,0,0,0,Remaining time vs overrun,Time overrun,State
N30000025,Critical,1.0,1.0,1.0,0,0,0,Remaining time vs overrun,Time overrun,Months remaining
N30000026,Critical,1.0,1.0,1.0,0,0,0,Remaining time vs overrun,Time overrun,Previous expenditure ratio
N30000027,Critical,0.9999,0.9999,0.9999,0,0,0,Remaining time vs overrun,Time overrun,Months remaining
N30000028,Critical,0.9999,0.9999,0.9999,0,0,0,Remaining time vs overrun,Time overrun,Months remaining
N30000029,Critical,0.9904,0.9904,0.9904,0,0,0,Remaining time vs overrun,Expenditure ratio,Time overrun
N30000030,Critical,0.9914,0.9914,0.9914,0,0,0,Remaining time vs overrun,Expenditure ratio,Time overrun
N30000031,Critical,0.9957,0.9957,0.9957,0,0,0,Remaining time vs overrun,Expenditure ratio,Time overrun
N30000032,Critical,0.9999,0.9999,0.9999,0,0,0,Remaining time vs overrun,Time overrun,Months remaining
N30000033,Critical,0.9991,0.9991,0.9991,0,0,0,Time overrun,Remaining time vs overrun,Original cost
N30000034,Critical,0.9999,0.9999,0.9999,0,0,0,Remaining time vs overrun,Time overrun,Project age
N30000035,Critical,1.0,1.0,1.0,0,0,0,Remaining time vs overrun,Time overrun,Previous expenditure ratio
N30000036,Critical,0.9999,0.9999,0.9999,0,0,0,Remaining time vs overrun,Time overrun,Months remaining
N30000037,Critical,1.0,1.0,1.0,0,0,0,Remaining time vs overrun,Time overrun,Previous expenditure ratio
N30000038,Critical,1.0,1.0,1.0,0,0,0,Remaining time vs overrun,Time overrun,Months remaining
N30000039,Critical,1.0,1.0,1.0,0,0,0,Remaining time vs overrun,Time overrun,Previous expenditure ratio
N30000040,Critical,1.0,1.0,1.0,0,0,0,Remaining time vs overrun,Time overrun,Previous expenditure ratio
N30000041,Critical,0.9985,0.9985,0.9985,0,0,0,Remaining time vs overrun,Months remaining,Time overrun
N30000042,Critical,1.0,1.0,1.0,0,0,0,Remaining time vs overrun,Months remaining,Cost variance
N30000043,Critical,0.9996,0.9996,0.9996,0,0,0,Remaining time vs overrun,Original cost,Time overrun
N30000044,Critical,1.0,1.0,1.0,0,0,0,Remaining time vs overrun,Time overrun,Previous expenditure ratio
N30000045,Critical,0.9997,0.9997,0.9997,0,0,0,Remaining time vs overrun,Time overrun,Months remaining
N30000046,Critical,0.9999,0.9999,0.9999,0,0,0,Remaining time vs overrun,Time overrun,Months remaining
N30000047,Critical,1.0,1.0,1.0,0,0,0,Remaining time vs overrun,Time overrun,Previous expenditure ratio
N30000048,Critical,0.9999,0.9999,0.9999,0,0,0,Remaining time vs overrun,Time overrun,Months remaining
N30000049,Critical,0.9999,0.9999,0.9999,0,0,0,Original cost,Time overrun,Remaining time vs overrun
N30000050,Critical,0.9998,0.9998,0.9998,0,0,0,Remaining time vs overrun,Time overrun,State
N30000051,Critical,0.9996,0.9996,0.9996,0,0,0,Remaining time vs overrun,Time overrun,Cumulative expenditure
N38000001,Critical,0.9998,0.9998,0.9998,0,0,0,Remaining time vs overrun,Months remaining,Time overrun
N39000002,Low,0.0138,0.9862,0,0,0,0.0138,Remaining time vs overrun,Time overrun,Anticipated cost
N40000001,Critical,0.9993,0.9993,0.9993,0,0,0,Remaining time vs overrun,Months remaining,Time overrun
N40000002,Critical,1.0,1.0,1.0,0,0,0,Remaining time vs overrun,Months remaining,Time overrun
N40000003,Critical,0.9997,0.9997,0.9997,0,0,0,Remaining time vs overrun,Months remaining,Time overrun
N42000001,Critical,1.0,1.0,1.0,0,0,0,Remaining time vs overrun,Sector,Time overrun
N42000002,Critical,1.0,1.0,1.0,0,0,0,Remaining time vs overrun,Sector,Time overrun
N42000005,Critical,0.9999,0.9999,0.9999,0,0,0,Remaining time vs overrun,Sector,Months remaining
N42000006,Critical,1.0,1.0,1.0,0,0,0,Remaining time vs overrun,Sector,Months remaining
N42000007,Critical,1.0,1.0,1.0,0,0,0,Remaining time vs overrun,Sector,Months remaining
N42000008,Critical,1.0,1.0,1.0,0,0,0,Sector,Remaining time vs overrun,Time overrun
N42000009,Critical,1.0,1.0,1.0,0,0,0,Sector,Remaining time vs overrun,Time overrun
N42000010,Critical,1.0,1.0,1.0,0,0,0,Remaining time vs overrun,Sector,Months remaining
N42000011,Critical,1.0,1.0,1.0,0,0,0,Remaining time vs overrun,Sector,Time overrun
N44000001,Low,0.0041,0.9959,0,0,0,0.0041,Remaining time vs overrun,Time overrun,Original cost
N44000002,Critical,0.9999,0.9999,0.9999,0,0,0,Remaining time vs overrun,Months remaining,Time overrun
N45000001,Low,0.2463,0.7537,0,0,0,0.2463,Remaining time vs overrun,Time overrun,Original cost
N45000002,Critical,0.9997,0.9997,0.9997,0,0,0,Remaining time vs overrun,Time overrun,State
N45000003,Critical,1.0,1.0,1.0,0,0,0,Remaining time vs overrun,Months remaining,Time overrun
